City,Airport,Top10_Zips,Weighted_Distance_km,Mean_Distance_km,Median_Distance_km,Min_Distance_km,Max_Distance_km,Centroid_to_Airport_km,Region_Spread_km,Bounding_Radius_km,Mean_Travel_Time_min,Median_Travel_Time_min,Avg_Speed_kmh,Centroid_Lat,Centroid_Lon
Chicago,ORD,39,22.336740705627385,21.47619911585361,23.85513286820187,2.5624258302707417,39.049800766284406,5.5451047457074285,71.44993270391696,35.72496635195848,49.23931623931624,50.25,25.422083220597628,41.93999473674784,-87.85850199079017
Dallas,DFW,43,41.47896228064908,25.46162712191742,23.586690052904267,2.036223504758402,175.44813478943786,15.363182719319303,201.41197565547452,100.70598782773726,26.409302325581393,24.433333333333334,52.719982810111986,32.89646332533532,-96.87579552422852
Houston,IAH,28,34.55983150519737,32.372290861662265,29.876300553724676,2.797970775990759,55.32964279201687,26.500374851282988,73.99602018889188,36.99801009444594,41.310714285714276,40.166666666666664,45.392068124071976,29.782601313091213,-95.47180466062287
Los Angeles,LAX,91,88.83040079908314,59.03570192172024,47.02209296627785,1.4772298506335662,184.6278357984668,43.82746807118959,239.00524570913566,119.50262285456783,67.91808940888453,55.68333333333333,44.025884158384024,33.780071881446005,-117.9755342040256
Miami,MIA,32,251.06310719085783,127.38985832626413,47.80198350935634,2.1732761432731915,332.65834589280263,115.55164953821985,342.8881151485115,171.44405757425574,101.84583333333333,49.916666666666664,57.24162193430175,26.65595260475206,-80.93721664326642
New York,JFK,69,36.52675784225193,31.41289263680499,22.12102500968672,0.9877740210016657,85.99418316777654,22.12535818651352,135.31546322992682,67.65773161496341,72.53566692889902,65.36666666666666,25.020060510462223,40.75910013978391,-73.98962042782145
San Francisco,SFO,56,38.15537215332224,33.1204654218473,32.625638116975985,5.065449346543835,70.1381175986262,22.83342234092787,99.54228973726879,49.771144868634394,36.89583333333333,34.28333333333333,52.8870963405844,37.5649739247579,-122.12978351168083
