city,city_key,zip_count,total_employment,power_employment,power_employment_pct,total_revenue_M,power_revenue_M,power_revenue_pct,avg_power_index
Los Angeles,los_angeles,92,3297433,1325573,40.20014963154672,761635.4119999999,455997.112,59.870786575243976,23.187605746939706
New York,new_york,69,3057610,1249834,40.87617452847158,710148.1760000001,429942.896,60.542702288092606,26.004501703152638
San Francisco,san_francisco,57,2156662,938909,43.535287402476605,511736.411,322984.696,63.11544167217759,24.555510668179583
Chicago,chicago,39,1565722,684508,43.71836124165082,372058.92199999996,235470.752,63.28856481501069,24.16963311416454
Dallas,dallas,43,1635937,646347,39.50928428172967,375729.818,222343.368,59.17639680117163,23.33152179865786
Miami,miami,32,1071413,423556,39.53246787186641,246121.099,145703.26400000002,59.19982666744066,22.19448511772473
Houston,houston,28,1028528,373714,36.334839693231494,230053.786,128557.61600000002,55.88154763077884,21.766393062064065
