city,city_key,zip_count,total_employment,total_revenue_M,avg_rev_per_emp,weighted_score_by_revemp,simple_avg_score,median_score,weighted_revenue_by_revemp,simple_avg_revenue
Los Angeles,los_angeles,224,5281368,1174058.8,222302.02477842863,14.27617999497599,14.040244255598129,12.594991120028052,5431.483238573555,5241.333928571429
New York,new_york,189,4869267,1081538.25,222115.2074840012,14.090196044989543,13.871396347500824,12.136644319750776,5971.791707658857,5722.424603174603
San Francisco,san_francisco,94,2687968,623728.2000000001,232044.50350599416,15.735144689234303,15.468828338613102,13.598556496003436,6931.119388398175,6635.406382978724
Chicago,chicago,98,2548370,569916.5,223639.6206202396,14.891452620712627,14.366957094446905,12.630088046920026,6290.959165369186,5815.474489795918
Miami,miami,135,2501738,554110.3,221490.140054634,12.730368499790128,12.619181719334271,11.376156821814874,4179.114575434676,4104.5207407407415
Dallas,dallas,94,2452320,541458.4000000001,220794.3498401514,14.764039033324863,14.528396552016469,12.762947014427574,5975.195632291015,5760.195744680853
Houston,houston,80,1851552,398915.6,215449.30955220276,13.915906431302,13.742126144035613,12.23355918981165,5127.384542006279,4986.445000000001
