city_key,zip_count,total_estab,total_emp,total_payroll_K,detail_estab,power_estab,power_estab_share,power_emp,power_rev_M,power_emp_pct,payroll_B
other,27319,5744548,86937944,5005233342,23227775,6362021,0.27389713392694737,23812053,8334218.55,27.389712597758237,5005.233342
new_york,919,561298,7672470,674598544,2485862,730370,0.29380955177721046,2254244,788985.4,29.380942512645863,674.598544
los_angeles,638,564116,7382959,520769844,2562709,914495,0.3568469927721017,2634586,922105.1,35.68468956687963,520.769844
miami,430,344396,3890058,222227514,1544299,530006,0.3432016727330653,1335074,467275.9,34.32015666604457,222.227514
dallas,561,220487,3744154,236147094,941513,291765,0.309889507632927,1160274,406095.9,30.988949706662705,236.147094
chicago,392,234926,3726889,273564481,1033637,303375,0.29350245782610335,1093851,382847.85,29.35024359459055,273.564481
san_francisco,288,201947,3456825,499564396,905988,323794,0.35739325465679456,1235445,432405.75,35.739298344579204,499.564396
houston,370,175471,2858213,187440317,760971,224520,0.29504409497865225,843298,295154.3,29.504379134795062,187.440317
