zipcode,city_key,total_establishments,total_employment,total_payroll_K,detailed_establishments,power_establishments,power_estab_pct,power_employment,estimated_revenue_M,power_revenue_M,power_emp_pct,power_rev_pct,city_name,revenue_per_employee,distance_km,distance_squared,Revenue_Norm,Employment_Norm,Distance_Norm,Corporate_Score,threshold_90,payroll_per_employee,PayrollPerEmp_Norm,centroid_lat,centroid_lon,Travel_Time_Min,RevPerEmp_Norm,PowerShare_Norm,Time_Norm,Time_Squared
10001,new_york,6626,141331,16437815,32656.0,14064.0,0.430671239588437,60867,33410.168,20938.248,43.06698459644381,63.83429144174716,New York,236396.60088727876,22.12102500968672,489.3397474791853,0.6404196493621385,0.7893490463291352,0.9746311210386076,0.3139469217209177,0.09375874021779589,116307.21497760576,0.1008366956662038,40.75064901865221,-73.99729793261906,68.2,0.43066984596443797,0.4306698459644381,0.15141141367709676,0.022925416191696923
10003,new_york,4093,82374,7643447,20082.0,9417.0,0.4689273976695548,38627,20068.473,13287.688,46.892223274334135,67.32290914523318,New York,243626.30198849153,20.445147851957,418.0040706883819,0.3846782560944211,0.4600631126253177,0.9783333431222714,0.22856617480256236,0.09375874021779589,92789.55738461165,0.0786446098837139,40.731864670446335,-73.98912405000999,60.06666666666667,0.4689222327433415,0.4689222327433413,0.13335452954356228,0.017783430549784825
10004,new_york,1488,49746,5798290,7071.0,4274.0,0.6044406731721115,30068,13393.482,10343.392,60.44305069754352,78.09580349523209,New York,269237.36581835727,21.085123173798987,444.5824192542751,0.25672813443525594,0.2778295959116423,0.97695396391912,0.1471295540503974,0.09375874021779589,116557.91420415712,0.1010732642410813,40.693981956893325,-74.01825481659536,31.627684760698486,0.6044305069754353,0.6044305069754352,0.07021689825441244,0.004930412800470508
10005,new_york,1300,34751,5769310,6050.0,4089.0,0.6758677685950413,23487,9825.448,8079.528,67.58654427210728,82.95064101593836,New York,282738.56867428275,20.742720815971136,430.2604668493223,0.18833397714215436,0.19407970063391886,0.9776972532640896,0.1651270604798724,0.09375874021779589,166018.53184081035,0.1477460361830678,40.706215078571084,-74.0086868289593,62.13333333333333,0.6758654427210729,0.6758654427210727,0.13794275420044397,0.0190282034364041
10006,new_york,775,16856,2283366,3550.0,2282.0,0.6428169014084507,10835,4660.495,3727.24,64.2797816801139,80.7652170209141,New York,276488.78737541527,21.215294914055484,450.0887382903485,0.08932914481895425,0.09413275992069033,0.9766681936446636,0.10991275635043429,0.09375874021779589,135463.09919316563,0.1189128592496803,40.70948971878726,-74.01305356730325,63.733333333333334,0.642797816801139,0.642797816801139,0.1414949281283524,0.020020814686047612
10007,new_york,1410,40684,6181201,6619.0,3956.0,0.5976733645565795,24315,10901.555,8364.36,59.76550978271556,77.60861238783103,New York,267956.8134893324,20.9889967292101,440.5379836987923,0.2089614239159821,0.22721662151972968,0.9771638644808456,0.17286702766587397,0.09375874021779589,151931.98800511257,0.1344534798158157,40.713868173479035,-74.00786561807205,63.06666666666667,0.5976550978271555,0.5976550978271556,0.14001485565839056,0.019604159805039944
10010,new_york,2687,61252,9346688,13013.0,6580.0,0.5056481979558902,30971,15347.579,10654.024,50.56324691438648,70.47100507086205,New York,250564.5366681904,20.382954937390338,415.46485197968514,0.2941854057460052,0.3420927699740289,0.978465125030028,0.193002822028118,0.09375874021779589,152594.00509371122,0.1350781823382315,40.73904486808242,-73.98261654063424,55.25,0.5056324691438647,0.5056324691438648,0.12266100594808793,0.015045722380196863
10011,new_york,3536,65245,11794663,17233.0,7501.0,0.4352695409969245,28399,15480.386,9769.256,43.52670702735842,64.265463209313,New York,237265.4762817074,21.83266085499456,476.6650800092119,0.2967311278012393,0.36439442598229493,0.9752889185940724,0.20111510816233188,0.09375874021779589,180774.9712621657,0.1616707294986295,40.74183997592639,-74.0005282448936,64.23333333333333,0.43526707027358424,0.4352670702735842,0.1426049824808238,0.02033618102835606
10012,new_york,2551,32102,3425936,12327.0,4884.0,0.3962034558286688,12718,7379.512,4374.992,39.61746931655348,60.48865998994416,New York,229877.0170082861,20.773513489745746,431.5388627086485,0.14144884894190185,0.17928453740679717,0.9776309063028638,0.13319631240815974,0.09375874021779589,106720.3289514672,0.0917901740797002,40.72562550926712,-73.9979364916221,66.03333333333333,0.39617469316553494,0.39617469316553483,0.14660117814972076,0.021491905434886164
10013,new_york,4574,68109,9403349,22378.0,9795.0,0.4377066761998391,29811,16191.174,10254.984,43.76954587499449,64.49187349917021,New York,237724.4417037396,21.02738263073829,442.1508202994744,0.31035592685697955,0.38039040464687646,0.9770801605118218,0.20777851762226565,0.09375874021779589,138063.23687031082,0.1213664402727614,40.7200512331036,-74.00480924437629,65.36666666666666,0.4376954587499451,0.4376954587499449,0.14512110567975892,0.021060135313715755
10014,new_york,2138,30807,5249300,10232.0,4494.0,0.4392103205629398,13530,7332.255,4654.32,43.918589930859866,64.63037648166724,New York,238006.13496932515,21.815382727071466,475.91092352860807,0.14054299919629962,0.17205171884163198,0.9753280582630662,0.1361235514065544,0.09375874021779589,170393.09247898206,0.1518740248893891,40.73414569699566,-74.00602626728163,67.4,0.4391858993085988,0.43918589930859864,0.14963532671314256,0.022390731000548916
10016,new_york,5097,109431,13746113,24993.0,11653.0,0.4662505501540431,51022,26604.963,17551.568,46.62481380961519,67.08616573469001,New York,243120.89810017272,20.43568188138372,417.6170939571148,0.5099735097844883,0.6111815465385797,0.978353426674637,0.25376956848819987,0.09375874021779589,125614.43283895787,0.1096193125726162,40.74518169437849,-73.97805328715827,53.06666666666667,0.46624813809615206,0.4662481380961519,0.1178137686089629,0.013880084073846251
10017,new_york,4754,138890,23199036,23311.0,12495.0,0.5360130410535798,74446,35598.244,25609.424,53.60069119447044,72.93989536065303,New York,256305.30635754913,20.534457652941565,421.6639511004505,0.682361966647585,0.7757156022229048,0.9781434004358808,0.3133468776729544,0.09375874021779589,167031.72294621644,0.1487021188131647,40.752386790496814,-73.97267780008853,57.06666666666667,0.5360069119447044,0.5360069119447044,0.12669420342873397,0.016051421182441426
10018,new_york,5641,123799,12854197,27743.0,10728.0,0.386692138557474,47872,28236.653,16467.968,38.66913303015372,59.53329720990966,New York,228084.66142699053,22.091826677757822,488.0488059600922,0.5412506956278914,0.6914295288893854,0.9746981191020692,0.2825508641815515,0.09375874021779589,103831.1860354284,0.0890638775862218,40.755326781054244,-73.99269637687013,69.08333333333333,0.3866913303015373,0.38669133030153724,0.1533725096997962,0.023523126731614084
10019,new_york,4377,125460,23385010,21456.0,10417.0,0.4855052199850858,60911,30958.479,20953.384,48.550135501355015,68.76782189076552,New York,246759.75609756098,22.28033977525015,496.413540500594,0.5934242443016018,0.7007065262922729,0.9742640010515649,0.30952871637148605,0.09375874021779589,186394.14952973052,0.1669731830124544,40.76581497077318,-73.98518142627411,69.66666666666667,0.48550135501355024,0.48550135501355013,0.15466757311101284,0.023922058172050502
10020,new_york,676,31965,6827725,3051.0,1995.0,0.6538839724680433,20901,8904.864,7189.944,65.38714218676678,81.50853208095866,New York,278581.6987329892,46.71726903020698,2182.503225640736,0.17068768596401182,0.17851936663967158,0.8867582991617571,0.15885993566389195,0.09375874021779589,213600.0312842171,0.1926456063520858,40.759174468997685,-73.98071492382086,65.31666666666666,0.6538714218676678,0.6538714218676678,0.14501010024451177,0.021027929172923353
10021,new_york,2372,49833,5612272,11421.0,3376.0,0.2955958322388582,14730,10508.085,5067.12,29.558726145325387,49.472456925712144,New York,210865.99241466497,20.886009114378968,436.2253767259213,0.20141916140667956,0.2783155072747075,0.9773876827649272,0.14830105254556225,0.09375874021779589,112621.5961310778,0.0973588165755551,40.7696403431274,-73.95901790236756,60.45,0.2955872614532539,0.29558726145325387,0.13420557121379031,0.018011135344819743
10022,new_york,5647,129515,28258821,27780.0,14610.0,0.5259179265658748,68114,32948.371,23431.216,52.59159170752422,72.13271992024217,New York,254398.10832722078,20.642868049378464,426.1280013040503,0.6315676550550544,0.7233544639615739,0.9779117224594482,0.3041661075019708,0.09375874021779589,218189.5610547041,0.196976447464352,40.75857029495303,-73.96793010167617,59.35,0.5259159170752423,0.5259159170752422,0.13176345163835326,0.01736160718765266
10023,new_york,2283,36722,3278163,10952.0,5050.0,0.4611029948867787,16932,8892.058,5824.608,46.10859974946898,66.62619312624372,New York,242145.25352649638,22.46857041147076,504.83665633521935,0.1704422130850271,0.20508810634198107,0.9738268530933608,0.15289828592412957,0.09375874021779589,89269.7293175753,0.0753231767820365,40.774645341133926,-73.97837827446206,67.78333333333333,0.4610859974946899,0.4610859974946898,0.15048636838337062,0.022646147069215528
10027,new_york,1185,45171,3240072,5547.0,1843.0,0.3322516675680548,15008,9838.017,5162.752,33.224856655819,53.72471809557903,New York,217794.97907949792,23.955890714543106,573.8846999271326,0.18857490706687396,0.25227736044011284,0.9702433559805566,0.14849795480298772,0.09375874021779589,71729.02968718868,0.0587711579705035,40.81176105920575,-73.95460574068248,62.983333333333334,0.33224856655819013,0.33224856655819,0.13982984659964534,0.019552386000080347
10029,new_york,1073,36777,3288604,4966.0,974.0,0.1961337092227144,7213,7063.692,2481.272,19.61280147918536,36.27670045910779,New York,192068.19479566033,2.587952604822929,6.697498684809784,0.13539502693339314,0.20539529168644755,0.999679580272208,0.10958503802778644,0.09375874021779589,89420.1267096283,0.0754650970312239,40.79265684208708,-73.94782938801984,59.71666666666667,0.19612801479185368,0.1961280147918536,0.1325774914968323,0.017576791251592637
10036,new_york,5655,143615,27565509,27802.0,10482.0,0.3770232357384361,54146,32493.919,18626.224,37.70218988267242,58.54263556312739,New York,226257.13887825087,22.24315501248208,494.75794490930673,0.6228564539930229,0.8021056159066157,0.9743499241525352,0.308907135041564,0.09375874021779589,191940.31960449813,0.1722067434372896,40.75979145494232,-73.99068550673425,71.95,0.37702189882672427,0.3770218988267242,0.15973682132063216,0.025515852085619566
10038,new_york,1717,36070,3579992,8131.0,4052.0,0.4983396876152994,17975,8988.125,6183.4,49.83365677848628,69.86008550330354,New York,249185.61131133907,20.408802511338404,416.5192199468128,0.17228368138624742,0.20144656371303304,0.9784104048037986,0.14711052920244383,0.09375874021779589,99251.23371222624,0.0847420740888151,40.70926379090054,-74.00290271521114,58.81666666666667,0.4983365677848629,0.4983365677848628,0.1305793936623838,0.0170509780492358
10065,new_york,1559,37516,4054213,7447.0,2416.0,0.3244259433328857,12171,8115.299,4186.824,32.4421580125813,52.841247395058055,New York,216315.67864377866,20.781667567992777,431.8777069065628,0.1555528434139891,0.20952274567846071,0.9776133207618152,0.12931638372817264,0.09375874021779589,108066.23840494722,0.0930602214017597,40.76468860481106,-73.96326454920961,58.7,0.3244215801258131,0.324421580125813,0.13032038098014048,0.01698340169880896
10112,new_york,131,19986,2984122,523.0,400.0,0.7648183556405354,15285,5986.695,5258.04,76.47853497448213,88.35406034781748,New York,299544.43110177125,28.527082538414643,813.7944381535216,0.11475052012034188,0.11161439861487335,0.957792375336573,0.13120189770058002,0.09375874021779589,149310.61743220253,0.131979862688273,40.75890442490507,-73.9790441154903,66.31666666666666,0.7647853497448215,0.7647853497448213,0.14723020894945454,0.021676734427300046
10314,new_york,1932,26006,1119966,9149.0,2196.0,0.2400262323751229,6242,5210.668,2147.248,24.0021533492271,42.42712601712854,New York,200364.06983003923,6.464190094336834,41.785753575722445,0.09987518185235067,0.14523723086374934,0.9978585488055084,0.10177766710320947,0.09375874021779589,43065.67715142659,0.0317234141307057,40.601048378472306,-74.16395191811873,68.26666666666667,0.24002153349227115,0.240021533492271,0.15155942092409294,0.02297025807084638
10467,new_york,1140,29762,2388968,5353.0,1242.0,0.2320194283579301,6905,5918.155,2375.32,23.20072575767757,41.3451833096676,New York,198849.37168201062,49.80436149048695,2480.4744234750992,0.1134367054142967,0.16621519729676898,0.8712940097830604,0.09953584154108401,0.09375874021779589,80269.0679389826,0.0668298373147429,40.87526301653466,-73.87202732514304,55.1,0.2320072575767759,0.2320072575767757,0.12232798964234651,0.014964137049938035
10577,new_york,356,12617,2558927,1461.0,837.0,0.5728952772073922,7228,3321.727,2486.432,57.28778632004439,75.78449140991268,New York,263273.9161448839,44.399896983509855,1971.350852146288,0.06366685876143041,0.07045714764444692,0.8977168127041697,0.10049267722117701,0.09375874021779589,202815.80407386852,0.1824692316683584,41.037596305554636,-73.71350670515095,84.58333333333333,0.572877863200444,0.5728778632004439,0.1877841946264091,0.03526290375148909
10591,new_york,986,19172,3870432,4491.0,1912.0,0.4257403696281451,8162,4514.278,2807.728,42.57250156478197,63.36675391508806,New York,235462.02795743794,44.08495281755192,1943.4830649257792,0.08652637206036355,0.10706805551676953,0.8991631119742134,0.10985518648366746,0.09375874021779589,201879.407469226,0.1815856150201233,41.08435960562889,-73.84653607004671,77.81666666666666,0.4257250156478199,0.4257250156478197,0.1727614590562964,0.029846521735260374
10601,new_york,1336,24806,1946355,6245.0,2773.0,0.444035228182546,11014,5926.576,3788.816,44.40054825445457,65.07588162803653,New York,238917.03620091913,43.55719365676408,1897.2291192528487,0.11359812405508467,0.13853500516629896,0.9015636272118986,0.1279807464193278,0.09375874021779589,78463.07344997178,0.0651256376314049,41.03288965225856,-73.76478247102959,77.06666666666666,0.44400548254454575,0.4440054825445457,0.1710963775275893,0.029273970403063364
11042,new_york,645,23042,2055197,2885.0,1713.0,0.5937608318890815,13681,6157.219,4706.264,59.37418626855308,77.32498990714575,New York,267217.2120475653,52.25201504327054,2730.2730760821705,0.11801922363556872,0.12868273339104694,0.8583298082817071,0.09998684241016526,0.09375874021779589,89193.51618783092,0.07525125940224,40.75854191273951,-73.6974504391,35.28333333333333,0.5937418626855309,0.5937418626855309,0.07833283547273065,0.006136033113197889
11101,new_york,2988,57450,4960074,14366.0,4020.0,0.2798273701795907,16076,11943.114,5530.144,27.98259355961705,47.551277392311135,New York,207887.10182767623,35.24226514347404,1242.0172524429256,0.22892663447060282,0.32085788488927364,0.9355682088169204,0.1512477212929419,0.09375874021779589,86337.23237597912,0.072555969910882,40.7467286357547,-73.93915096254219,54.61666666666667,0.27982593559617064,0.2798259355961705,0.12125493710162417,0.014702759771518834
11201,new_york,3141,47740,3930718,15207.0,6600.0,0.4340106529887552,20719,11315.591,7127.336,43.39966485127776,64.14664567263463,New York,237025.36656891496,18.84632167475618,355.18384066838456,0.21689790751143176,0.2666257086207378,0.981593625400982,0.16135248720466927,0.09375874021779589,82335.94470046082,0.0687802146519069,40.6948124781143,-73.99012392760484,57.05,0.4339966485127777,0.43399664851277764,0.1266572016169849,0.016042046721445564
11211,new_york,3124,34781,1350420,15015.0,4961.0,0.3304029304029304,11491,7562.854,3952.904,33.03815301457693,53.51513901548164,New York,217442.1091975504,36.563282721711445,1336.8736433878028,0.1449632553591142,0.1942472562763551,0.9306452944894564,0.11831567714169682,0.09375874021779589,38826.37071964578,0.0277230560329516,40.714256625962314,-73.94601347261413,51.36666666666667,0.3303815301457694,0.33038153014576926,0.11403958381056017,0.013005026675685778
11215,new_york,2317,21367,1301517,11076.0,3925.0,0.3543698085951607,7571,4742.804,2604.424,35.43314456872748,56.14981194045664,New York,221968.64323489493,17.768595395882816,315.722982342588,0.09090689174979569,0.11932754335502248,0.9836415888844228,0.09515739194387861,0.09375874021779589,60912.48186455749,0.0485642844244858,40.66256935701704,-73.98685045768045,54.88333333333333,0.35433144568727487,0.35433144568727476,0.1218469660896089,0.014846683145242302
11219,new_york,3095,37112,1904593,14930.0,4306.0,0.2884125920964501,10703,7775.227,3681.832,28.839728389739168,48.6032903443444,New York,209507.08665660702,54.16013144011744,2933.319837610797,0.14903414492093112,0.20726632969365244,0.8477919646897525,0.11776359667876289,0.09375874021779589,51320.13903858591,0.0395126136104491,40.632620102150284,-73.99676935552077,51.983333333333334,0.2883972838973917,0.28839728389739167,0.11540865084527488,0.013319156689926566
11230,new_york,2220,30903,1069803,10540.0,2977.0,0.2824478178368121,8728,6439.557,3002.432,28.243212633077697,47.87299895785176,New York,208379.67187651683,41.2560504994979,1702.0617028171212,0.12343124313477184,0.172587896897428,0.9116925437883672,0.09903744148155756,0.09375874021779589,34618.09533055043,0.0237519799144284,40.622089138863856,-73.96518973529382,44.11666666666667,0.282432126330777,0.28243212633077697,0.09794379569972511,0.009592987116069492
11235,new_york,2898,41022,1530834,14045.0,3483.0,0.2479886080455678,10172,8280.918,3499.168,24.79645068499829,43.4822966156552,New York,201865.29179464676,46.11658089061535,2126.7390330406693,0.15872752502765258,0.22910441509117818,0.8896523829443653,0.09795624414500162,0.09375874021779589,37317.390668421824,0.0262991295807354,40.58407143043626,-73.94344277972316,32.3,0.247964506849983,0.24796450684998292,0.0717095111696514,0.005142253992190358
11735,new_york,2002,33228,2179203,9439.0,1967.0,0.2083907193558639,6924,6458.976,2381.856,20.837847598410978,38.049929345266136,New York,194383.53196099674,19.912015775955528,396.4883722619018,0.12380347785576237,0.1855734591862381,0.9794499778476076,0.0989952142778876,0.09375874021779589,65583.33333333333,0.0529718635408354,40.7317577404161,-73.43283809199897,50.81666666666667,0.20837847598410986,0.20837847598410977,0.11281852402284166,0.012728019362692501
11747,new_york,2001,47707,4769351,9472.0,5345.0,0.5642947635135135,26920,12482.465,9260.48,56.42777789422936,75.13526660579504,New York,261648.5002200935,53.12757558791076,2822.539287849172,0.2392652290944746,0.2664413974140579,0.8535413206392399,0.1784261985258768,0.09375874021779589,99971.72322719936,0.085421953241679,40.78376339724377,-73.40929498640205,57.86666666666667,0.5642777789422937,0.5642777789422936,0.12847029039268817,0.01650461551358163
11788,new_york,1484,34985,2627164,6803.0,2632.0,0.386888137586359,13535,7980.79,4656.04,38.68800914677719,59.55246865080612,New York,228120.33728740888,38.49702903093286,1482.0212442084871,0.15297449642981298,0.19538663464492168,0.9231123365457752,0.13751872819358044,0.09375874021779589,75094.01171930827,0.0619464729277032,40.81808142568788,-73.21318705891674,64.86666666666666,0.38688009146777197,0.3868800914677719,0.14401105132728753,0.020739182904390644
11797,new_york,734,16553,1362787,3245.0,1797.0,0.5537750385208012,9166,4298.089,3153.104,55.37364828127832,74.32781529835619,New York,259656.195251616,32.51483224087262,1057.2143156520897,0.08238233518430285,0.09244044793208411,0.9451592233624104,0.09610425323553799,0.09375874021779589,82328.70174590709,0.0687733799461911,40.817389996942914,-73.47004035493508,53.75,0.5537364828127832,0.5537364828127832,0.11933084289067378,0.014239850064998668
10977,new_york,1939,20306,942220,9101.0,2597.0,0.285353257883749,5794,4242.496,1993.136,28.533438392593325,48.22936238019359,New York,208928.19856200137,26.349628993508443,694.3029480955407,0.08131669612750143,0.11340165880086012,0.9639938169321982,0.11198625005435435,0.09375874021779589,46401.063725007385,0.0348708017761794,41.11757938278179,-74.0482169114387,105.96666666666667,0.2853343839259333,0.28533438392593324,0.2352575191004353,0.05534610029329168
11375,new_york,2139,31079,1269256,10305.0,3246.0,0.3149927219796215,9789,6667.366,3367.416,31.497152418031465,51.7572681335116,New York,214529.61807007948,51.419308529477,2643.9452896495463,0.1277980189499082,0.17357088999972073,0.8628100999357968,0.0946084977006997,0.09375874021779589,40839.66665594131,0.0296228726259578,40.72314732401787,-73.84369629809319,35.68333333333333,0.3149715241803148,0.31497152418031465,0.07922087895470777,0.00627594766235646
11530,new_york,2167,33374,2315330,10326.0,4999.0,0.4841177609916715,16156,8226.454,5557.664,48.40894109186792,68.64627972758065,New York,246492.89866363036,15.285999854866994,233.66179156299376,0.15768352730150662,0.18638889664609457,0.9879004501777264,0.11818243082186244,0.09375874021779589,69375.26218014023,0.0565500604729357,40.7271634121369,-73.63652642170725,38.86666666666667,0.48408941091867924,0.48408941091867924,0.08628822499877557,0.007445657773439317
33021,miami,2075,26505,1677719,9779.0,4074.0,0.4166070150322118,11042,6195.213,3798.448,41.660064138841726,62.49363291640727,Miami,233737.52122241087,7.8835470428800125,62.15031397730219,0.11874751479316253,0.14802423971627243,0.996801656537367,0.09918092263495733,0.09375874021779589,63298.20788530466,0.0508155390954319,26.02272555177428,-80.18744179459337,39.35,0.4166006413884174,0.41660064138841724,0.08736127753949792,0.0076319928133331836
33131,miami,3859,39893,5562425,18798.0,13101.0,0.6969358442387488,27802,11437.993,9563.888,69.69142456069987,84.28971748084561,Miami,286716.79241972277,57.66729929176047,3325.5174076054777,0.21924418045641778,0.22279873774749365,0.8274374580793826,0.13297190711031998,0.09375874021779589,139433.60990649989,0.1226595722886888,25.764123249066582,-80.18456047957795,29.033333333333335,0.6969142456069988,0.6969142456069988,0.06445715606683837,0.0041547249682247584
33134,miami,3864,33143,3381194,18808.0,11347.0,0.6033071033602723,19995,8916.22,6878.28,60.329481338442505,78.01448087888568,Miami,269022.71972965635,15.14408426273735,229.34328815688903,0.1709053643970706,0.18509871819933535,0.9881245744784648,0.0987727133526649,0.09375874021779589,102018.34474851402,0.0873532170244647,25.7534311927784,-80.2712036657093,20.45,0.6032948133844253,0.603294813384425,0.0454012230160796,0.002061271051355796
33301,miami,2206,19981,2005779,10481.0,6874.0,0.6558534490983685,13104,5573.711,4507.776,65.58230318802862,81.63832002776813,Miami,278950.55302537413,10.981804722655694,120.6000349665429,0.10683420187462611,0.11158647267446731,0.993768197578746,0.11072216212090816,0.09375874021779589,100384.31509934436,0.0858112893897879,26.121230559235304,-80.12743954194963,50.4,0.6558230318802865,0.6558230318802862,0.1118934787291155,0.012520150582103021
33309,miami,2497,55119,4459513,11776.0,4357.0,0.3699898097826087,20393,12397.722,7015.192,36.99813131588019,57.81054473148152,Miami,224926.46818701355,39.38609267780646,1551.2642964247596,0.2376408258316443,0.30783881147197634,0.919518718757482,0.15555515223928634,0.09375874021779589,80907.0012155518,0.0674318135082115,26.187942035862747,-80.1738421382357,49.1,0.36998131315880195,0.3699813131588019,0.1090073374126899,0.011882599609804024
33316,miami,1681,19698,1177677,7793.0,3450.0,0.4427049916591813,8720,4701.27,2999.68,44.26845365011676,64.95413625045225,Miami,238667.37739872068,18.75604965463269,351.78939864704705,0.09011074380697573,0.11000586444748527,0.9817697922052862,0.09377983089828829,0.09375874021779589,59786.628084069445,0.0475018893463903,26.10152793104573,-80.1207163435276,48.766666666666666,0.4426845365011677,0.4426845365011676,0.10826730117770898,0.011721808504304744
33323,miami,1188,28396,2139858,5400.0,1865.0,0.3453703703703704,9807,6254.903,3373.608,34.53655444428792,55.17698688271605,Miami,220274.08789970417,13.619723763718738,185.4968754000049,0.11989168753614235,0.15858583037783797,0.990400142117278,0.09691954865841068,0.09375874021779589,75357.72644034371,0.0621953233792494,26.149911927869756,-80.32220352185495,39.71666666666667,0.3453655444428793,0.3453655444428792,0.08817531739797693,0.007774886598233974
33324,miami,2201,25482,1644382,10503.0,4808.0,0.4577739693420927,11664,6154.206,4012.416,45.77348716741229,66.32548618219037,Miami,241511.89074640922,22.383872390996828,501.0377432164301,0.11796146869379291,0.14231059230919602,0.9740240113832236,0.09893997243290248,0.09375874021779589,64531.12000627894,0.051978958175021,26.112039822886285,-80.27467633027786,37.983333333333334,0.4577348716741229,0.4577348716741229,0.08432712897607614,0.00711106468134778
33401,miami,2358,30623,2588159,11201.0,5561.0,0.4964735291491831,15203,7619.932,5229.832,49.64569114717696,69.70153457208166,Miami,248830.35626816444,39.478929901494006,1558.5859061670774,0.14605735976226047,0.17102404423468962,0.9191387374284272,0.15640244068940323,0.09375874021779589,84516.83375240832,0.0708381779814407,26.718065644487588,-80.06852556077972,86.15,0.4964569114717696,0.4964569114717696,0.19126236493081947,0.03658129223892996
33407,miami,1283,24844,1619167,5821.0,1322.0,0.2271087442020271,5642,4917.158,1940.848,22.709708581548867,40.6735324407827,Miami,197921.34921912735,41.270291700419335,1703.236977037701,0.09424901093943386,0.1387472423133849,0.9116315486962964,0.10689018701083082,0.09375874021779589,65173.36177749155,0.0525850000150082,26.758403442078563,-80.09188402462641,85.85,0.22709708581548876,0.22709708581548868,0.19059633231933662,0.036326961893583004
33408,miami,1201,13883,1567043,5510.0,2607.0,0.4731397459165154,6568,3393.217,2259.392,47.30965929554131,67.69040502937236,Miami,244415.25606857307,40.38891437720792,1631.2644045694324,0.06503722078849737,0.07752799575525705,0.9153668247768968,0.10480596493415724,0.09375874021779589,112874.9549809119,0.0975978948641576,26.84279156098885,-80.05505424815111,98.16666666666667,0.4730965929554132,0.47309659295541306,0.21794067120188174,0.04749813616392672
33409,miami,1511,18662,982913,6994.0,2038.0,0.2913926222476408,5437,3920.203,1870.328,29.13406923159361,48.96055779967582,Miami,210063.39084771194,23.242509854143776,540.2142643199705,0.07513879587866255,0.10421960959535312,0.971990804604854,0.09893706088834273,0.09375874021779589,52669.22087664773,0.0407856545057628,26.71610818995966,-80.09651977160796,85.83333333333333,0.2913406923159363,0.2913406923159361,0.19055933050758755,0.03631285844349999
33410,miami,2016,27401,1829576,9562.0,3838.0,0.4013804643380046,10998,6325.777,3783.312,40.13722126929674,61.00558659217877,Miami,230859.34819897084,33.58644172411802,1128.0490676875756,0.12125024171583662,0.1530285682370354,0.9414829985745574,0.14196759130579614,0.09375874021779589,66770.40983905697,0.054092030527757,26.84629628541284,-80.0882243615204,95.2,0.40137221269296747,0.40137221269296736,0.2113543487105515,0.0446706607188614
33411,miami,2198,24978,1120002,10460.0,3073.0,0.2937858508604206,7338,5258.472,2524.272,29.377852510208985,49.25493354812727,Miami,210524.14124429497,46.05571494332115,2121.128878940455,0.10079151681307118,0.13949565751626686,0.8899435421137594,0.11829472095512746,0.09375874021779589,44839.53879413884,0.0333972921343154,26.715176644944904,-80.20305453771552,89.25,0.29377852510208985,0.29377852510208985,0.19814470191614203,0.03926132289743678
33414,miami,2348,17107,842813,11185.0,4084.0,0.3651318730442557,6246,3832.079,2148.624,36.51136961477758,57.29899744446628,Miami,224006.48857192963,38.59703365059843,1489.731006625428,0.07344958363536631,0.0955346421290737,0.9227122106345358,0.1018343039226014,0.09375874021779589,49267.14210557082,0.0375753337657833,26.648294147921547,-80.249459030752,86.05,0.3651136961477759,0.3651136961477758,0.19104035406032516,0.0364964168794944
33418,miami,1180,10966,788524,5404.0,2640.0,0.4885270170244263,5357,2712.203,1842.808,48.850993981397046,69.02588079372676,Miami,247328.3786248404,42.3508501141028,1793.594505387201,0.05198314713482583,0.06123600212237147,0.9069421190598213,0.09410961852060395,0.09375874021779589,71906.25569943462,0.0589383946458016,26.86076238287524,-80.16642407832602,100.78333333333333,0.4885099398139705,0.48850993981397045,0.22374995564648195,0.05006404265180264
33431,miami,2893,35557,2589278,13937.0,6798.0,0.4877663772691397,17343,8789.162,5965.992,48.77520600725595,68.96099248479065,Miami,247185.13935371375,69.43767529027303,4821.590749717394,0.16846984252778716,0.19858136222737302,0.7497933392440002,0.15208357280116405,0.09375874021779589,72820.4854177799,0.0598010938433809,26.379705618666385,-80.10065351875748,66.46666666666667,0.4877520600725596,0.48775206007255956,0.14756322525519597,0.021774905447715705
33432,miami,2090,18006,1161956,9915.0,4976.0,0.5018658598083712,9036,4498.734,3108.384,50.18327224258581,70.15372329806347,Miami,249846.38453848718,64.35971914319245,4142.173448190612,0.08622841560003723,0.10055572621408027,0.7850541491345717,0.10538042962079043,0.09375874021779589,64531.600577585246,0.0519794116589452,26.344512853638328,-80.08161839993066,65.98333333333333,0.5018327224258582,0.5018327224258581,0.14649017271447365,0.02145937070191632
33458,miami,2531,21972,1181166,12105.0,4307.0,0.3558033870301528,7817,4883.073,2689.048,35.57709812488622,56.30453572604544,Miami,222240.71545603496,37.90516558554096,1436.801578067279,0.09359564977433976,0.1227065821441537,0.9254591741189974,0.12274590614031591,0.09375874021779589,53757.78263244129,0.0418128595226138,26.93478042541264,-80.12906604073372,99.46666666666667,0.3557709812488623,0.3557709812488622,0.22082681251830732,0.048764481126995655
33558,miami,589,5975,324673,2507.0,1137.0,0.4535301156761069,2709,1438.126,931.896,45.33891213389121,65.93303431730469,Miami,240690.5439330544,31.29744616267296,979.5301363054124,0.027560895905851278,0.03336032840905918,0.949190923870026,0.09495781849726431,0.09375874021779589,54338.57740585774,0.0423609178223281,28.158739423793474,-82.51597775966202,254.05,0.4533891213389123,0.4533891213389121,0.5640186164907102,0.3181169997480948
33578,miami,916,15891,926079,4101.0,1230.0,0.2999268471104608,4766,3363.879,1639.504,29.99181926876848,49.99026027540944,Miami,211684.53841797245,44.97004802062998,2022.3052189777663,0.06447485288878986,0.088743053422324,0.8950723521673218,0.1353383420953072,0.09375874021779589,58276.94921653767,0.0460773034666189,27.861874594935337,-82.34828473653356,228.78333333333333,0.29991819268768505,0.2999181926876848,0.5079238698791563,0.2579866575930181
33602,miami,1832,33712,3421738,8692.0,5564.0,0.6401288541187299,21580,9303.98,7423.52,64.01281442809682,80.5842437692045,Miami,275984.21926910296,63.12551605841584,3984.830777641316,0.178338174295175,0.18827669021754306,0.793220014180172,0.27058749460424525,0.09375874021779589,101499.11010915994,0.0868632490243685,27.953668845397576,-82.45670107029262,234.58333333333334,0.6401281442809681,0.6401281442809682,0.5208005003678243,0.2712331611833762
33606,miami,1470,22174,1313715,6820.0,3761.0,0.5514662756598241,12228,5748.062,4206.432,55.14566609542708,74.15146317376163,Miami,259225.30892035717,43.26579606192211,1871.9291088718348,0.11017626355851408,0.12383479013655785,0.9028766624470476,0.20374588099564114,0.09375874021779589,59245.73825200686,0.0469914867476389,27.931202120039483,-82.46471247768379,236.21666666666667,0.5514566609542708,0.5514566609542708,0.5244266779192308,0.27502334051340066
33607,miami,2388,75808,6131199,11427.0,5178.0,0.4531373063796272,34351,18242.579,11816.744,45.313159560996205,65.9096889493131,Miami,240641.87157028282,40.71760155123828,1657.923076085402,0.34967845468094505,0.4233907676841018,0.9139832769247188,0.37647694322900205,0.09375874021779589,80877.99440692275,0.0674044416671671,27.966574932148784,-82.51607857599664,241.75,0.4531315956099621,0.453131595609962,0.5367112794199141,0.28805899745656116
33609,miami,1790,26689,1853448,8461.0,4018.0,0.4748847653941614,12674,6532.181,4359.856,47.48772902693994,67.84640915243608,Miami,244751.80786091648,25.70293258480588,660.6407434590758,0.12520671400335556,0.14905191432321482,0.965740838380602,0.21462330664906265,0.09375874021779589,69446.13885870583,0.0566169421904063,27.942894105556242,-82.51462426446143,239.0,0.47487729026939945,0.4748772902693994,0.5306059804813216,0.2815427065225446
33610,miami,1320,39343,2628496,6038.0,1714.0,0.2838688307386552,11168,8208.917,3841.792,28.38624405866355,48.04887493008648,Miami,208650.00127087408,32.43264384002493,1051.8763864539071,0.15734736785446965,0.21972688430282888,0.9454362544392516,0.22120492300399164,0.09375874021779589,66809.75014615052,0.0541291534200466,27.99720210193954,-82.38013021906349,235.01666666666668,0.28386244058663546,0.2838624405866355,0.5217625474732995,0.2722361559458272
33611,miami,920,9348,412934,4071.0,1709.0,0.4197985752886268,3924,2190.576,1349.856,41.97689345314506,62.79835390946502,Miami,234336.32862644416,69.66933891742872,4853.816785191548,0.04198429648308633,0.0521991678069759,0.7481208529710903,0.11589445719932463,0.09375874021779589,44173.51305091998,0.0327688069049335,27.890598070168025,-82.50575061240106,241.85,0.41976893453145064,0.4197689345314506,0.5369332902904084,0.28829735822208397
33612,miami,1421,32973,1891129,6575.0,1317.0,0.2003041825095057,6604,6358.971,2271.776,20.02850817335396,36.88355208042447,Miami,192853.88044763898,30.215378267488635,912.9690838474244,0.1218865236731238,0.1841492362255299,0.952645349613326,0.18169864745402223,0.09375874021779589,57353.86528371698,0.0452062491220018,28.050688062523953,-82.45103786089166,241.7,0.20028508173353968,0.2002850817335396,0.5366002739846669,0.2879398540404196
33614,miami,1647,22758,1298258,7697.0,1835.0,0.2384045732103417,5425,4552.815,1866.2,23.83777133315757,42.20663747304777,Miami,200053.3878196678,24.194024506834275,585.3508218372974,0.08726507175874204,0.1270965399759837,0.9696482802532416,0.15736234265705443,0.09375874021779589,57046.225503119786,0.0449159494450836,28.006194341314334,-82.50597146580101,245.11666666666667,0.23837771333157584,0.2383777133315757,0.5441856453932215,0.296138016652037
33618,miami,1411,17625,877769,6555.0,2599.0,0.3964912280701754,6988,4052.607,2403.872,39.64822695035461,60.5193808999468,Miami,229935.1489361702,25.46167009701229,648.2966441290899,0.07767679299478752,0.09842776955513977,0.9663814799108764,0.16238698451408046,0.09375874021779589,49802.49645390071,0.0380805128881166,28.073192560110684,-82.49783291544946,247.0,0.3964822695035462,0.39648226950354615,0.5483668501208636,0.3007062023114777
33619,miami,1920,44614,2632772,9044.0,1802.0,0.1992481203007518,8889,8595.191,3057.816,19.924239028107767,36.73183862855524,Miami,192656.8117631237,48.49484577514599,2351.750066755195,0.16475169323764582,0.24916641067887962,0.8779746242749004,0.2108076749591737,0.09375874021779589,59012.23831084413,0.046771148021131,27.934992567007498,-82.37868701022846,232.16666666666666,0.19924239028107787,0.19924239028107768,0.5154352376642126,0.2656734842259634
33626,miami,1019,8322,480977,4564.0,2129.0,0.4664767747589833,3882,2023.608,1335.408,46.647440519105984,67.10623796117943,Miami,243163.66258111031,23.948781388348184,573.5441299868924,0.038783756450419996,0.04646876483565584,0.970261031085224,0.11528708910521984,0.09375874021779589,57795.842345590005,0.0456233141648189,28.062567326970942,-82.61527870909065,255.03333333333333,0.4664744051910599,0.46647440519105987,0.5662017233839038,0.32058439156290275
33629,miami,1257,7718,435135,5840.0,2779.0,0.4758561643835616,3672,1890.298,1263.168,47.57709251101321,67.9245283018868,Miami,244920.70484581497,54.22430075507248,2940.2747923765537,0.03622839259773716,0.043095311234605825,0.8474310122423512,0.108704009627887,0.09375874021779589,56379.24332728686,0.0442865616923728,27.921711393783873,-82.50987662774939,239.91666666666666,0.4757709251101322,0.47577092511013214,0.532641080127519,0.2837065202394101
33634,miami,1357,47875,2933802,6230.0,1820.0,0.2921348314606741,13985,10063.79,4810.84,29.21148825065274,49.05419286949114,Miami,210209.7127937337,36.410307447601184,1325.7104884288422,0.1929026556462136,0.267379709011701,0.931224646654764,0.2527920698065098,0.09375874021779589,61280.459530026106,0.0489115210438569,28.00773951027551,-82.54613435656832,244.68333333333334,0.29211488250652756,0.2921148825065274,0.5432235982877462,0.2950918777366867
33637,miami,488,16231,1230041,2005.0,871.0,0.4344139650872818,7050,3848.255,2425.2,43.43540139239727,64.18009441691702,Miami,237092.90863163082,56.13124219665252,3150.716350539265,0.07375965464039967,0.09064201736993494,0.8365093890237842,0.1575805135053517,0.09375874021779589,75783.4390980223,0.0625970407603507,28.04721971042607,-82.36115054395775,236.88333333333333,0.4343540139239727,0.43435401392397266,0.5259067503891927,0.2765779101049206
33647,miami,1359,17327,1356592,6337.0,2984.0,0.4708852769449266,8159,4227.736,2806.696,47.08835920817221,67.49589326021957,Miami,243996.9989034455,50.46417284952973,2546.6327413872136,0.08103376783655852,0.0967633835069396,0.8678604854007157,0.16958196094474548,0.09375874021779589,78293.53032838921,0.0649656508009515,28.13400026140321,-82.36019638800958,242.06666666666666,0.47088359208172226,0.4708835920817221,0.537414313843146,0.2888141447234994
33701,miami,1490,20892,1440886,6886.0,3876.0,0.5628812082486204,11759,5460.711,4045.096,56.28470227838407,75.02643284235089,Miami,261378.0873061459,52.956464120276216,2804.3870921221023,0.10466815195074072,0.11667457901644838,0.8544833942679071,0.1947959829371657,0.09375874021779589,68968.31322994447,0.0561660491837107,27.771137936836567,-82.63258610470814,224.83333333333334,0.5628470227838408,0.5628470227838407,0.4991544404946323,0.24915515546550943
33702,miami,1107,13277,897479,5046.0,2233.0,0.4425287356321839,5875,3168.31,2021.0,44.24945394290879,64.93660292747627,Miami,238631.46795209762,28.08469728043389,788.7502213336107,0.06072607220237975,0.07414337177804463,0.9590921352428348,0.14113148180505108,0.09375874021779589,67596.52029826015,0.0548715773046396,27.84672289003004,-82.63070844725011,233.16666666666666,0.442494539429088,0.44249453942908784,0.5176553463691553,0.2679670576245702
33706,miami,690,7775,435930,3051.0,1215.0,0.3982300884955752,3096,1790.269,1065.024,39.81993569131833,60.69058220616651,Miami,230259.67845659165,26.88272856574109,722.681095139312,0.03431097836909705,0.043413666955234714,0.9625210306994832,0.10033849090956212,0.09375874021779589,56068.167202572346,0.0439930193607332,27.74150933267233,-82.75142894152317,227.58333333333334,0.3981993569131834,0.39819935691318326,0.505259739433225,0.2552874042921304
33716,miami,580,32975,2958037,2414.0,1144.0,0.4739022369511185,15626,8064.439,5375.344,47.38741470811221,67.75858117190839,Miami,244562.21379833206,18.353984463256783,336.8687456774714,0.1545779292624067,0.1841604066016923,0.9825441532741332,0.2370883013189369,0.09375874021779589,89705.44351781653,0.075734331969162,27.87773162539091,-82.65063622365138,229.61666666666667,0.4738741470811221,0.4738741470811221,0.5097739604666086,0.2598694907698114
33756,miami,1185,16404,870358,5330.0,1924.0,0.3609756097560975,5921,3661.689,2036.824,36.09485491343575,56.85771510096576,Miami,223219.27578639355,13.929921905238771,194.04272428605097,0.0701834487103147,0.09160825490798402,0.9899566244849668,0.15069022426305506,0.09375874021779589,53057.66886125336,0.0411522076355682,27.944205812158994,-82.792166132268,245.21666666666667,0.36094854913435753,0.36094854913435753,0.5444076562637158,0.29637969619855214
33759,miami,611,11801,741940,2603.0,1070.0,0.4110641567422205,4850,2745.805,1668.4,41.098212015930855,61.94916336696896,Miami,232675.6207101093,25.338246982719408,642.0267601572892,0.052627249874139075,0.06589963417018069,0.9667068781400188,0.12950632631113038,0.09375874021779589,62870.94314041183,0.0504123571104488,27.975593635425064,-82.71094604729691,236.05,0.4109821201593086,0.4109821201593086,0.5240566598017404,0.2746353826825571
33762,miami,796,16404,1038157,3349.0,977.0,0.2917288742908331,4785,3446.985,1646.04,29.1697147037308,49.00368679775281,Miami,210130.7607900512,59.42586894917901,3531.4339003649984,0.06606787718059888,0.09160825490798402,0.8167506794409665,0.13704751159255368,0.09375874021779589,63286.8202877347,0.0508047933593342,27.89824487298779,-82.67969682838915,231.21666666666667,0.29169714703730804,0.291697147037308,0.513326134394517,0.26350372025241775
33764,miami,711,11896,648824,3023.0,1158.0,0.3830631822692689,4556,2704.964,1567.264,38.29858776059179,59.15566107731117,Miami,227384.3308675185,58.2283057335805,3390.5355886033235,0.051844385759613386,0.0664302270378955,0.8240631052119417,0.127058047756336,0.09375874021779589,54541.3584398117,0.0425522691115785,27.93728468006329,-82.74058708841781,236.66666666666666,0.38298587760591807,0.38298587760591796,0.525425726836455,0.27607219442161707
33801,miami,1087,20664,987539,4845.0,1508.0,0.3112487100103199,6431,4418.379,2212.264,31.12175764614789,51.32130968124402,Miami,213820.1219512195,9.547380482360095,91.15247407495048,0.08468812408115393,0.11540115613393281,0.9952964848979032,0.15849036365587776,0.09375874021779589,47790.31165311653,0.036181744801514,28.040084066093534,-81.894766620933,229.46666666666667,0.311217576461479,0.3112175764614789,0.5094409441608672,0.2595300755875158
33811,miami,573,24274,1452165,2335.0,418.0,0.1790149892933618,4345,4583.675,1494.68,17.899810496827882,33.718764550675154,Miami,188830.6418390047,54.00608921903164,2916.657672734005,0.08785661424238013,0.135563685107096,0.8486567077964788,0.14704083374482727,0.09375874021779589,59823.88563895526,0.0475370468807154,27.979338539667367,-82.01866675748786,236.46666666666667,0.17899810496827898,0.17899810496827884,0.5249817050954665,0.27560579068494334
33901,miami,1286,19195,1136271,5914.0,2101.0,0.3552587081501522,6819,4264.016,2345.736,35.52487626986194,56.248453353130415,Miami,222142.01615003904,48.89958386812525,2391.169302475815,0.08172920404220951,0.10719651484263733,0.8759288209465881,0.1317398825826418,0.09375874021779589,59196.196926282886,0.0469447378167176,26.62304460804098,-81.88226729028703,143.11666666666667,0.3552487626986193,0.35524876269861944,0.31773455748905916,0.10095524902276824
33907,miami,1455,19556,996195,6803.0,2458.0,0.3613111862413641,7065,4366.465,2430.36,36.12701984045817,56.89191054665931,Miami,223280.06749846594,20.37958263042503,415.3273881903216,0.08369300624267088,0.10921276773995364,0.9784722592088788,0.13181882475818507,0.09375874021779589,50940.6320310902,0.0391544974999437,26.564458379642478,-81.87172050809629,137.71666666666667,0.3612701984045818,0.3612701984045817,0.3057459704823682,0.09348059846620516
33913,miami,909,18900,1216712,3962.0,1431.0,0.3611812216052498,6826,4219.614,2348.144,36.11640211640212,56.88062473215562,Miami,223259.99999999997,51.19842817330878,2621.279047417458,0.08087808060220633,0.10554888435868078,0.8639864462791756,0.13066623047087483,0.09375874021779589,64376.2962962963,0.0518328610971333,26.5171815399879,-81.6971275955052,141.23333333333332,0.36116402116402113,0.3611640211640212,0.3135533527614169,0.09831570502792554
34102,miami,1480,17449,1140786,6990.0,2418.0,0.3459227467811159,6036,3845.399,2076.384,34.59224024299387,55.237871122092784,Miami,220379.3340592584,50.4177971863139,2541.9542731202814,0.07370490916621722,0.09744477645284705,0.8681032913754364,0.1149188364458238,0.09375874021779589,65378.30248151757,0.0527783892446152,26.13749408688179,-81.79774108997464,118.61666666666666,0.3459224024299387,0.34592240242993866,0.2633418942179613,0.06934895325030391
34108,miami,881,14169,1153852,3978.0,1690.0,0.4248366013071895,6019,3333.786,2070.536,42.4800621074176,63.27891503837317,Miami,235287.31738301925,47.80455082320627,2285.2750794085114,0.06389801270861745,0.07912535954648273,0.8814245833590189,0.1111571345735165,0.09375874021779589,81434.96365304539,0.0679300173644612,26.2455365437913,-81.80789483919503,121.7,0.42480062107417604,0.42480062107417604,0.27018722939153483,0.07300113892627387
34109,miami,1729,19634,1018889,8095.0,2676.0,0.3305744286596664,6490,4269.88,2232.56,33.05490475705409,53.53397280290353,Miami,217473.76999083222,25.93812772594484,672.7864699274285,0.08184160861525079,0.10964841241028792,0.965110492125037,0.1207562989975189,0.09375874021779589,51894.112254252825,0.040054234849238,26.240714818626202,-81.76364547636719,118.61666666666666,0.330549047570541,0.3305490475705409,0.2633418942179613,0.06934895325030391
34110,miami,1013,11097,575017,4497.0,1716.0,0.3815877251501001,4234,2520.261,1456.496,38.15445615932234,59.00810321142015,Miami,227111.92214111923,26.74318714364093,715.1980585998016,0.04830389090039743,0.061967661761009804,0.962909389854057,0.09473577813235241,0.09375874021779589,51817.33801928449,0.0399817879908906,26.29621288046698,-81.78513157872473,125.41666666666667,0.38154456159322353,0.3815445615932234,0.27843863341157216,0.07752807257610386
33487,miami,1640,27343,2496700,7621.0,3687.0,0.483794777588243,13228,6738.257,4550.432,48.37801265406137,68.61961894457578,Miami,246434.44391617598,41.72958058620103,1741.357895900246,0.12915689899552021,0.1527046273283253,0.9096531262012474,0.1320087796129178,0.09375874021779589,91310.39022784623,0.0772488159233767,26.40985322810184,-80.0894255672167,67.45,0.48378012654061375,0.4837801265406137,0.1497463321483897,0.022423963991895852
33511,miami,2074,23743,926978,9950.0,2635.0,0.2648241206030151,6287,4868.408,2162.728,26.47938339721181,45.66338441744399,Miami,205046.03462073032,36.60907942173347,1340.224696106789,0.0933145424988196,0.1325979502359742,0.930471379529399,0.16315084681311834,0.09375874021779589,39042.15979446574,0.0279266821653754,27.90987692434202,-82.29403069021451,232.66666666666666,0.2647938339721182,0.2647938339721181,0.516545292016684,0.26681903870460133
60007,chicago,2512,43460,3049008,11900.0,1715.0,0.1441176470588235,6263,7920.007,2154.472,14.410952600092038,28.205903546245302,Chicago,182236.70041417395,20.89894531185449,436.7659151478848,0.15180937242518,0.24272110363316485,0.9773596295750944,0.09529780667754977,0.09375874021779589,70156.64979291303,0.057287405204802,42.014343456507795,-87.9983118131412,42.21666666666667,0.14410952600092047,0.1441095260009204,0.09372558916033386,0.008784486063451691
60008,chicago,1030,23667,2147397,4652.0,1774.0,0.38134135855546,9025,5374.11,3104.6,38.13326572865171,58.98637734474935,Chicago,227071.87222715173,47.01120768648742,2210.0536481420536,0.10300813345995842,0.13217347594180234,0.8853284706777887,0.09422139682979698,0.09375874021779589,90733.8065661047,0.0767047313761996,42.07387654330879,-88.02285599029923,43.68333333333333,0.3813326572865172,0.38133265728651705,0.0969817485942499,0.009405459560398293
60015,chicago,1429,36914,4419879,6654.0,3194.0,0.4800120228434024,17719,9070.561,6095.336,48.00075851980278,68.29334096840621,Chicago,245721.43360242725,52.56847592573405,2763.4446611544804,0.1738638627271803,0.2061604624535731,0.8566082493040726,0.13215459610838057,0.09375874021779589,119734.49097903234,0.1040707933956726,42.172373449903354,-87.87486959117292,45.083333333333336,0.48000758519802783,0.4800075851980278,0.10008990078116979,0.010017988238384413
60018,chicago,1609,43289,3275512,7416.0,2263.0,0.305151024811219,13209,9206.296,4543.896,30.51352537596156,50.60836439467332,Chicago,212670.56296056736,25.797311100511656,665.5012600165819,0.1764657103946014,0.24176603647127817,0.9654885843536304,0.10484823655899458,0.09375874021779589,75666.15075423318,0.0624863633692728,41.996284105585374,-87.89844344390274,30.033333333333335,0.30513525375961575,0.3051352537596156,0.06667726477178114,0.004445857637446206
60045,chicago,934,22256,2927240,4144.0,1913.0,0.4616312741312741,10274,5391.466,3534.256,46.1628324946082,66.67470147593266,Chicago,242247.7534148095,29.60257907476211,876.3126878775437,0.1033408233934005,0.12429277555921696,0.9545477654138405,0.1049591260556936,0.09375874021779589,131525.88066139468,0.1151975618797798,42.23867904957542,-87.86630113320574,52.63333333333333,0.4616283249460821,0.461628324946082,0.11685172150348769,0.013654324818328647
60047,chicago,1553,21481,1244815,7112.0,2287.0,0.3215691788526434,6907,4634.978,2376.008,32.1539965550952,52.51273473732228,Chicago,215771.05348912993,52.92969178713948,2801.5522726815807,0.0888400200764075,0.11996425479628027,0.8546305174411641,0.09378977594779725,0.09375874021779589,57949.58335273032,0.0457683895663657,42.20203923133341,-88.04524481366765,57.03333333333333,0.3215399655509521,0.321539965550952,0.12662019980523587,0.01603267499871785
60062,chicago,2823,46619,4386894,13578.0,5848.0,0.4306967152747091,20078,11020.687,6906.832,43.06827688281602,63.83550817780886,Chicago,236399.0433085223,58.65717661098399,3440.664367972167,0.21124501559325923,0.2603647127817029,0.8214614915123802,0.14766608184410152,0.09375874021779589,94100.98886720008,0.079882122584304,42.12662154844454,-87.84234828991448,47.55,0.43068276882816037,0.4306827688281602,0.10556616892002861,0.011144216020452015
60069,chicago,513,20477,2066881,2111.0,931.0,0.4410232117479867,9030,4880.605,3106.32,44.09825658055379,64.79687548051788,Chicago,238345.70493724666,39.43623574071917,1555.216689397576,0.09354834171051542,0.11435672596274679,0.9193135950773604,0.09761617953687682,0.09375874021779589,100936.70947892756,0.0863325480827083,42.19596279547826,-87.9243637507844,51.28333333333333,0.44098256580553796,0.44098256580553785,0.11385457475181494,0.012962864191916617
60089,chicago,1462,23674,1780143,6736.0,2371.0,0.3519893111638955,8332,5244.218,2866.208,35.19472839401875,55.89266890273119,Chicago,221518.03666469545,42.81145451549559,1832.820637732348,0.10051828782532726,0.1322125722583708,0.9049063375272396,0.09845301397352153,0.09375874021779589,75194.01030666554,0.0620408350987649,42.167380848294634,-87.96080444974984,52.2,0.35194728394018765,0.35194728394018754,0.1158896743980125,0.013430416632077353
60123,chicago,1429,28875,1642201,6506.0,1484.0,0.2280971411005226,6586,5720.379,2265.584,22.808658008658007,40.80942559463215,Chicago,198108.36363636365,47.17362584768113,2225.350975617009,0.10964561966432895,0.1612611354687369,0.884534560727724,0.0973088082816615,0.09375874021779589,56872.76190476191,0.0447522631153683,42.040106680637486,-88.31165401280302,55.016666666666666,0.22808658008658025,0.22808658008658006,0.12214298058360128,0.014918907705845998
60126,chicago,1831,30185,1926211,8560.0,2752.0,0.3214953271028037,9704,6512.731,3338.176,32.14841808845453,52.50635768448879,Chicago,215760.51018717905,29.196500404083725,852.4356358456611,0.12483388505627971,0.16857773185512023,0.955786951096265,0.09973667826352853,0.09375874021779589,63813.51664734139,0.0513018025001255,41.89626442474354,-87.94194211598096,41.666666666666664,0.3214841808845454,0.3214841808845453,0.09250452937261533,0.008557087954449052
60148,chicago,1908,27119,1708098,8964.0,2640.0,0.2945113788487282,7986,5712.799,2747.184,29.447988495151,49.33937034977626,Chicago,210656.6982558354,31.290393143418672,979.0887030697024,0.10950032180217806,0.15145354519813456,0.9492138336389836,0.09721195329967698,0.09375874021779589,62985.28706810723,0.0505202560473259,41.87502000928946,-88.01857974427709,48.7,0.2944798849515101,0.29447988495151,0.1081192939307128,0.01168978172007587
60173,chicago,2267,52699,4048304,10809.0,4311.0,0.398834304746045,21018,12140.747,7230.192,39.88310973642764,60.75344077896014,Chicago,230379.07740184822,51.99906054951022,2703.90229803163,0.23271497911314476,0.2943226563154514,0.8596984148647555,0.14974218975315967,0.09375874021779589,76819.37038653485,0.0635745818240612,42.052896751383955,-88.05260799098836,44.5,0.3988310973642764,0.3988310973642764,0.09879483736995318,0.009760419890955496
60174,chicago,1412,21443,1156622,6366.0,2091.0,0.3284637134778511,7043,4654.792,2422.792,32.84521755351397,53.29780218592232,Chicago,217077.4611761414,55.18441303372309,3045.319441876547,0.08921982638783993,0.11975201764919434,0.8419793415125693,0.0989648653797589,0.09375874021779589,53939.37415473581,0.0419842156461647,41.92757901396416,-88.29907859073143,64.23333333333333,0.3284521755351398,0.32845217553513967,0.1426049824808238,0.02033618102835606
60181,chicago,1349,25280,2024545,6184.0,2055.0,0.3323091849935317,8400,5506.0,2889.6,33.22784810126582,53.72807017543859,Chicago,217800.6329113924,52.515995347014176,2757.9297672876146,0.10553627792421721,0.14118238431679186,0.856894464600282,0.09454495174237307,0.09375874021779589,80084.84968354431,0.0666560025137547,41.87800345064906,-87.97629169114681,45.25,0.3322784810126583,0.3322784810126582,0.10045991889866025,0.010092195305125395
60201,chicago,1377,20607,1874351,6404.0,2416.0,0.3772642098688319,7774,4663.371,2674.256,37.72504488765953,58.56624729597383,Chicago,226300.33483767652,19.881761038035343,395.2844219735402,0.08938427366480464,0.11508280041330392,0.9795124611875816,0.09550118828064262,0.09375874021779589,90957.00490124714,0.0769153491462902,42.05559019883959,-87.69302167623115,55.166666666666664,0.3772504488765954,0.3772504488765953,0.12247599688934269,0.015000369814038279
60515,chicago,1830,50793,4462724,8536.0,3154.0,0.369493908153702,18767,11419.878,6455.848,36.94800464630953,57.75807111107204,Chicago,224831.72878152502,45.28394657726077,2050.635817612208,0.2188969415681772,0.28367728783266777,0.8936020336307019,0.1450506248471311,0.09375874021779589,87861.00446911975,0.0739938546521759,41.809892070122146,-88.02469163369285,46.18333333333333,0.3694800464630954,0.3694800464630953,0.10253202035660683,0.010512815198407638
60563,chicago,1973,36179,2978824,9270.0,4253.0,0.4587918015102481,16598,8744.767,5709.712,45.87744271538738,66.41894711568693,Chicago,241708.36673208216,38.962597281755166,1518.083986940235,0.16761885326786777,0.20205534921388477,0.9212407305199364,0.13475969292383652,0.09375874021779589,82335.71961635203,0.0687800022546548,41.79931393019378,-88.16884379587498,50.68333333333333,0.4587744271538739,0.45877442715387384,0.11252250952884928,0.012661315150669976
60601,chicago,2353,87671,12143595,11320.0,7177.0,0.6340106007067138,55584,24094.381,19120.896,63.40066840802546,80.16664297237658,Chicago,274827.26329116814,25.61247930831409,655.9990963188174,0.46184920934193946,0.4896478538914798,0.9659817333902284,0.2513169089783053,0.09375874021779589,138513.24839456604,0.1217910869158164,41.8852153869416,-87.62172714033254,52.88333333333333,0.6340066840802547,0.6340066840802546,0.11740674867972338,0.013784344635543727
60602,chicago,1696,34595,3520053,8109.0,5137.0,0.6334936490319398,21915,9504.16,7538.76,63.34730452377512,80.13006346470266,Chicago,274726.40554993495,53.76808783798637,2891.007269753418,0.18217534131962967,0.1932084112932503,0.8499879279186079,0.14984692784562456,0.09375874021779589,101750.33964445729,0.0871003180171612,41.88304048114473,-87.62907853322905,52.18333333333333,0.633473045237751,0.6334730452377513,0.11585267258626343,0.013421841745379954
60603,chicago,1528,57717,9556766,7267.0,4383.0,0.6031374707582221,34811,15525.414,11974.984,60.3132525945562,78.00284895724964,Chicago,268992.0474037112,25.40288550005482,645.3065917288953,0.2975942507744491,0.32234913010695637,0.9665366594581284,0.19423614751081103,0.09375874021779589,165579.7425368609,0.1473319792203291,41.88026159187856,-87.62739621130325,51.733333333333334,0.6031325259455619,0.603132525945562,0.11485362366903919,0.013191354869909279
60604,chicago,995,35791,4131866,4622.0,3173.0,0.6864993509303332,24570,10191.335,8452.08,68.64854292978681,83.63116511794139,Chicago,284745.7461372971,38.36825721617465,1472.1231618065378,0.19534751261561145,0.19988829623837584,0.9236260332106556,0.15480772659793285,0.09375874021779589,115444.2737000922,0.1000223940385818,41.87811256236779,-87.62907101782332,50.016666666666666,0.6864854292978682,0.6864854292978682,0.11104243705888744,0.01233042282797698
60605,chicago,1081,18078,1461858,4979.0,2324.0,0.466760393653344,8438,4396.872,2902.672,46.67551720323044,67.13113449867024,Chicago,243216.72751410553,43.07546906031513,1855.4960347661656,0.08427586535803003,0.10095785975592728,0.9037295160624258,0.09513227409800579,0.09375874021779589,80863.9230003319,0.0673911633948345,41.868150028200844,-87.61717063778543,54.25,0.4667551720323045,0.46675517203230443,0.12044089724314516,0.014506009728733851
60606,chicago,3366,179047,22413321,16390.0,11826.0,0.7215375228798048,129189,52169.006,44441.016,72.15368031857558,85.80753147603609,Chicago,291370.4558021078,24.60232849114762,605.2745671863339,1.0,1.0,0.968614265671214,0.3834281044021049,0.09375874021779589,125181.21498824332,0.1092105130283781,41.88163801392515,-87.63718480304848,50.28333333333333,0.7215368031857556,0.7215368031857559,0.11163446604687217,0.012462254009570257
60607,chicago,2044,49895,5270621,9599.0,4254.0,0.4431711636628815,22112,11912.893,7606.528,44.31706583826035,64.99897116317352,Chicago,238759.25443431205,48.63366362810524,2365.2332378916863,0.22834734071175555,0.2786617889357424,0.8772748665073289,0.15765204784091846,0.09375874021779589,105634.251929051,0.0907653137443312,41.874675034824826,-87.65186266252601,49.733333333333334,0.44317065838260356,0.4431706583826035,0.11041340625915366,0.012191120281748914
60608,chicago,1492,28384,1408172,6828.0,1482.0,0.2170474516695957,6160,5563.76,2119.04,21.702367531003382,39.2742640629554,Chicago,196017.4746335964,26.229267361680417,687.9744663305136,0.1066434553012404,0.15851880812086347,0.964322256305042,0.0946021395729908,0.09375874021779589,49611.471251409246,0.0379002548133681,41.848893003797045,-87.67143179512888,54.583333333333336,0.217023675310034,0.21702367531003383,0.12118093347812608,0.01468481863863002
60610,chicago,1519,21057,1320878,7110.0,3027.0,0.4257383966244725,8964,4958.031,3083.616,42.57016669041174,63.36453694446968,Chicago,235457.61504487818,23.80706215808848,566.7762085990886,0.09503248844862826,0.1175961350498478,0.9706122767612956,0.09840567569837375,0.09375874021779589,62728.68879707461,0.0502781209273686,41.90452930807193,-87.63513672818429,51.95,0.4257016669041175,0.42570166690411737,0.1153346472217768,0.013302080849771707
60611,chicago,2854,80654,6915381,13817.0,5426.0,0.3927046392125642,31673,18487.567,10895.512,39.27021598432812,60.14067391103855,Chicago,229220.70821038014,25.82833947016632,667.1031197861514,0.3543745275902621,0.4504565891256388,0.9654054500668244,0.20577825813281697,0.09375874021779589,85741.3271505443,0.0719936528591607,41.894026279087726,-87.61424860283635,55.61666666666667,0.3927021598432812,0.39270215984328116,0.12347504580656694,0.015246086936933806
60612,chicago,1039,37560,3032471,4581.0,1291.0,0.281816197336826,10585,7822.365,3641.24,28.18157614483493,47.79705844407173,Chicago,208263.17891373803,35.06199388291401,1229.3434150454991,0.14993771360510907,0.2097684939540339,0.9362259632927784,0.1160656674266045,0.09375874021779589,80736.71458998935,0.0672711250813497,41.88051110904008,-87.68786739172977,50.25,0.28181576144834947,0.2818157614483493,0.11156046242337408,0.012445736776117062
60614,chicago,2164,26659,1280034,10369.0,3788.0,0.3653197029607484,9739,5972.816,3350.216,36.5317528789527,57.3205081852808,Chicago,224045.0129412206,22.278209930017333,496.3186376859229,0.11448447935137192,0.14888435868077857,0.9742689263752188,0.10563749670363742,0.09375874021779589,48015.0793353089,0.0363938434624721,41.922227421767786,-87.64713910823862,51.21666666666667,0.3653175287895271,0.365317528789527,0.11370656750481876,0.012929183493727906
60637,chicago,462,30412,2211556,1994.0,495.0,0.2482447342026078,7549,6140.621,2596.856,24.82243851111404,43.5165360036893,Chicago,201914.40878600552,47.062048531431735,2214.836411974836,0.11770106348834174,0.16984556954955457,0.8850802519087343,0.10856722461904608,0.09375874021779589,72719.8474286466,0.0597061283103982,41.781526892821056,-87.60341016672885,62.983333333333334,0.2482243851111404,0.2482243851111404,0.13982984659964534,0.019552386000080347
60638,chicago,1229,32696,2009949,5573.0,880.0,0.1579041808720617,5162,6043.498,1775.728,15.787863958894055,30.4322193774424,Chicago,184839.06288230975,27.503624651468268,756.449368968853,0.11583935316305392,0.1826021391270351,0.9607685044079676,0.09576368026903864,0.09375874021779589,61473.85001223391,0.0490940110794271,41.78176258079706,-87.77057937153663,59.06666666666667,0.1578786395889406,0.15787863958894055,0.1311344208386195,0.017196236328680167
60523,chicago,1447,33346,3306702,6729.0,3379.0,0.5021548521325606,16744,8333.246,5759.936,50.21291909074551,70.17854790616354,Chicago,249902.417081509,32.82123189406971,1077.2332630442988,0.1597305786596621,0.18623251137982072,0.9441202679271872,0.1250872445509741,0.09375874021779589,99163.37791639176,0.0846591702813275,41.83711401351715,-87.95405189048446,43.38333333333333,0.502129190907455,0.5021291909074551,0.09631571598276707,0.009276717145273053
60525,chicago,1380,36302,1638468,6271.0,1674.0,0.2669430712804975,9690,7458.22,3333.36,26.69274420142141,45.934744626386575,Chicago,205449.28654068647,52.98050569357631,2806.933983547072,0.1429575698039299,0.20274232734787345,0.8543512141568826,0.11215538518300544,0.09375874021779589,45134.372761831306,0.0336755077974507,41.78370494638831,-87.86781743561073,50.516666666666666,0.26692744201421426,0.2669274420142141,0.11215249141135882,0.012578181329774913
60532,chicago,1144,24219,2118654,5182.0,2299.0,0.4436510999614048,10744,5784.561,3695.936,44.36186465171972,65.04025667413282,Chicago,238843.92419175027,40.56698612622325,1645.6803633651896,0.11087589768392905,0.13525649976262952,0.9146186566314208,0.104756652416616,0.09375874021779589,87479.00408769974,0.0736333857066657,41.79153910231189,-88.08574948746818,48.31666666666667,0.44361864651719723,0.4436186465171972,0.10726825226048474,0.011506477943018989
60540,chicago,1722,25736,1395778,8048.0,2847.0,0.3537524850894632,9104,5709.736,3131.776,35.374572583152,56.08674223755544,Chicago,221857.94218215728,30.577135353811613,934.961206445316,0.10944160843123238,0.143729230081823,0.9515039891382956,0.10492767547573896,0.09375874021779589,54234.45756916382,0.0422626666959805,41.76359899549773,-88.1447453538617,54.333333333333336,0.3537457258315201,0.35374572583152003,0.12062590630189039,0.01455060927115244
60654,chicago,2248,62255,9038810,10715.0,6310.0,0.5888940737284181,36661,16578.454,12611.384,58.88844269536584,76.97062766751948,Chicago,266299.15669424145,24.17642687841143,584.4996166071746,0.31777953583505325,0.3476947136194811,0.9696924566169136,0.19489124985340003,0.09375874021779589,145190.10521243274,0.1280916029716178,41.89208261819675,-87.63668079324178,48.083333333333336,0.5888844269536585,0.5888844269536584,0.1067502268959981,0.011395610942347076
60661,chicago,1104,39496,5485638,5126.0,3033.0,0.591689426453375,23369,10538.621,8038.936,59.1680170143812,77.17489762412484,Chicago,266827.5521571805,60.59025750175528,3671.179304129012,0.20200449326929695,0.22058141807925383,0.8094980879863024,0.15192484206348497,0.09375874021779589,138890.9763013976,0.1221475242045939,41.882996757346476,-87.64411432307561,48.016666666666666,0.5916801701438122,0.591680170143812,0.1066022196490019,0.011364033234094049
75024,dallas,2551,94378,10883933,12321.0,6570.0,0.533235938641344,50325,24140.015,17311.8,53.32280828159105,72.71888430622127,Dallas,255780.10765220708,39.98659126552111,1598.9274810358495,0.46272394847668796,0.5271077103521461,0.9170450659853576,0.18901796755126457,0.09375874021779589,115322.77649452204,0.0999077450180454,33.077110823926766,-96.80829585702088,27.566666666666666,0.5332280828159105,0.5332280828159105,0.0612009966329223,0.0037455619888629665
75034,dallas,3142,58146,4343309,15221.0,6008.0,0.394717824058866,22951,13350.369,7895.144,39.47133078801637,60.34247038408665,Dallas,229600.81518935095,47.26414848912536,2233.899732402091,0.2559017192992518,0.32474517579379486,0.8840908921795105,0.1305118101467774,0.09375874021779589,74696.60853713067,0.0615714693596716,33.12082523357211,-96.83778639654959,27.816666666666666,0.39471330788016384,0.3947133078801637,0.06175602380915799,0.003813806476717289
75038,dallas,1144,41349,3619117,5253.0,2927.0,0.5572054064344184,23039,10763.466,7925.416,55.71839705917918,74.59332201680827,Dallas,260307.77044184867,56.21720080979486,3160.3736668888,0.20631445340324397,0.23093077159373343,0.8360081877810592,0.09449827979451776,0.09375874021779589,87526.10704007352,0.0736778337030511,32.87234353214108,-96.97946581295366,14.55,0.5571839705917919,0.5571839705917918,0.032302581656917274,0.0010434567817018084
75039,dallas,1079,50341,5526539,4966.0,2694.0,0.5424889246878776,27309,12964.256,9394.296,54.24802844599829,73.4510622111051,Dallas,257528.77376293676,51.81904089719896,2685.2129995055784,0.24850048005800257,0.2811527828199615,0.8606683633792169,0.1090628353358836,0.09375874021779589,109782.06630778091,0.0946793367348709,32.885975495334534,-96.94049495507356,16.283333333333335,0.542480284459983,0.5424802844599829,0.036150770078818076,0.0013068781772915682
75201,dallas,2505,74119,10402360,12040.0,7923.0,0.6580564784053156,48774,20706.731,16778.256,65.80498927400532,81.78597351079043,Dallas,279371.42972787004,25.679490883613823,659.4362520416055,0.3969127577963612,0.4139573850149404,0.9658033498044218,0.17066910804898486,0.09375874021779589,140346.7397023705,0.1235212335608788,32.788309407033616,-96.79957303203403,24.433333333333334,0.6580498927400532,0.6580498927400532,0.054244656024101626,0.002942482707173105
76102,dallas,1424,34323,3311661,6531.0,4041.0,0.6187413872301332,21237,9333.858,7305.528,61.87396206625295,79.10886189115406,Dallas,271941.7883052181,31.21332757138472,974.2718180785656,0.17891089322991705,0.19168924013516156,0.949463823248544,0.11222177233048944,0.09375874021779589,96485.18486146316,0.0821319334686464,32.75799392774751,-97.32859999052495,26.183333333333334,0.6187396206625296,0.6187396206625295,0.05812984625775147,0.0033790790259498227
75001,dallas,1648,40095,3581785,7672.0,3593.0,0.4683263816475495,18777,9763.578,6459.288,46.83127572016461,67.26904239148791,Dallas,243511.11111111112,36.617174148124256,1340.8174425940597,0.18714801688736862,0.2239269457398978,0.930440616813828,0.10893948428918918,0.09375874021779589,89332.46040653448,0.0753823720357264,32.96013572891645,-96.83808288129232,25.383333333333333,0.4683127572016462,0.4683127572016461,0.056353759293797254,0.00317574618654324
75019,dallas,1615,50081,4172666,7502.0,2946.0,0.3926952812583311,19666,11479.429,6765.104,39.26838521595016,60.13883367481117,Dallas,229217.2480581458,55.50960063745726,3081.315762929996,0.2200384498780648,0.2797006339188472,0.8401111826791493,0.1013514173149037,0.09375874021779589,83318.34428226274,0.0697072413213711,32.96183764033402,-96.98397424385075,18.233333333333334,0.39268385215950175,0.39268385215950163,0.04047998205345647,0.001638628947048158
75254,dallas,1204,32060,3338385,5595.0,2986.0,0.5336907953529938,17110,8203.09,5885.84,53.3686837180287,72.75543676345522,Dallas,255866.81222707423,18.96173068196165,359.5472304552459,0.15723567251901407,0.17904995950738642,0.9813671715597164,0.10199280649549532,0.09375874021779589,104129.2888334373,0.0893451778321861,32.945720272192155,-96.80128227964941,26.0,0.533686837180287,0.533686837180287,0.057722826328511966,0.003331924679351554
77002,houston,2700,85853,13985573,13003.0,7155.0,0.5502576328539568,47241,22235.764,16250.904,55.02545047930766,74.05822320462777,Houston,258998.10140589147,26.15107688820077,683.8788224125884,0.4262221543739563,0.4794939819598425,0.964534814509322,0.19624342647006007,0.09375874021779589,162901.38958452237,0.144804591522849,29.75633250973055,-95.36543882203728,33.5,0.5502545047930767,0.5502545047930766,0.07437364161558273,0.005531438567163139
77024,houston,2640,54103,4239134,12677.0,5321.0,0.4197365307249349,22709,12677.966,7811.896,41.97364286638449,62.79523593197575,Houston,234330.1850174667,29.50095881054616,870.306570741541,0.24301270631721367,0.3021642603814683,0.9548594745122652,0.14751245978978006,0.09375874021779589,78353.03033103525,0.0650217970883765,29.770707148381778,-95.50868455120286,39.53333333333333,0.41973642866384503,0.41973642866384486,0.08776829746873742,0.007703274040560779
77027,houston,1983,38173,3548107,9368.0,4623.0,0.4934884713919726,18837,9477.008,6479.928,49.34639666780185,69.44808734535228,Houston,248264.6897021455,29.83437342114893,890.0898374325576,0.1816548759432285,0.2131922142478148,0.9538327505765648,0.13030330747033508,0.09375874021779589,92948.07848479292,0.0787941959485525,29.73918780305335,-95.44608337948878,40.53333333333333,0.49346396667801856,0.4934639666780185,0.08998840617368019,0.008097913245679243
77030,houston,657,93086,8922857,2945.0,575.0,0.1952461799660441,18174,17863.216,6251.856,19.523881142169607,36.14620092398439,Houston,191900.13535870056,8.836128129356853,78.07716031841143,0.342406603377627,0.5198916473512245,0.9959750754365791,0.15337904690436022,0.09375874021779589,95856.0578389876,0.0815382671651188,29.706023391824306,-95.40248455438865,38.733333333333334,0.1952388114216962,0.19523881142169608,0.08599221050478321,0.007394660267498948
77036,houston,2674,34677,1386083,12841.0,3618.0,0.2817537574955222,9770,7221.465,3360.88,28.17429420076708,47.7880805808079,Houston,208249.41603944977,32.81345969890925,1076.7231374119417,0.13841931184172207,0.1936663967159094,0.9441467427356772,0.1086719541978865,0.09375874021779589,39971.24895463852,0.02880340325295,29.701227571625388,-95.53653366444857,47.583333333333336,0.28174294200767086,0.2817429420076708,0.10564017254352671,0.011159846055026096
77040,houston,1549,39133,2679234,7150.0,2175.0,0.3041958041958042,11904,8315.471,4094.976,30.41933917665397,50.49722752477047,Houston,212492.551043876,45.89889120543887,2106.708213888714,0.1593898570897766,0.2185539948057751,0.8906919545073537,0.1072987405668343,0.09375874021779589,68464.82508368896,0.0556909401262721,29.87535975616776,-95.52860488287426,36.65,0.30419339176653987,0.3041933917665397,0.08136698403615245,0.006620586091139487
77041,houston,1919,54927,3976485,9007.0,1512.0,0.1678694348839791,9220,10256.265,3171.68,16.78591585194895,32.004205076836875,Houston,186725.3809601835,61.108540830318056,3734.253762410649,0.19659212873559267,0.30676645536038427,0.8062246116155628,0.10805104504282159,0.09375874021779589,72395.81626522476,0.0594003611502793,29.862025174970434,-95.58183292741468,37.38333333333333,0.1678591585194896,0.1678591585194895,0.08299506375311047,0.006888180607382871
77042,houston,1743,38196,3836659,8142.0,3973.0,0.487963645295996,18638,9442.962,6411.472,48.79568541208504,68.97853441894894,Houston,247223.84542884072,48.43893882578693,2346.330794568328,0.18100226235288686,0.2133206735736826,0.8782558769393483,0.13134142379326416,0.09375874021779589,100446.61744685308,0.0858700800680217,29.741274454790624,-95.56019836693278,41.733333333333334,0.4879568541208505,0.48795685412085044,0.09265253661961151,0.008584492542048452
77056,houston,2717,57306,6698795,13103.0,6610.0,0.5044646264214302,28908,14346.042,9944.352,50.44497958328971,70.37245696400626,Houston,250341.01141241755,29.710449272982835,882.7107960024863,0.27498736023610787,0.3200536178055796,0.9542157125300738,0.16304478722213187,0.09375874021779589,116895.17677032072,0.1013915170164664,29.748462236602954,-95.46805415106103,39.8,0.5044497958328972,0.5044497958328971,0.08836032645672215,0.007807547291538512
77057,houston,2110,28212,1965666,9992.0,4132.0,0.4135308246597278,11666,6577.734,4013.104,41.35119807174252,62.19497334348819,Houston,233153.76435559336,30.9389658111194,957.2196054616152,0.12607990048284895,0.15755815577089557,0.950348809288712,0.10592684353800097,0.09375874021779589,69674.81922586134,0.0568327329979993,29.74519102497769,-95.48886324525849,42.85,0.4135119807174253,0.41351198071742523,0.09513165800679761,0.009050032355122301
77058,houston,982,19922,1591651,4454.0,2092.0,0.469690166142793,9357,4856.383,3218.808,46.968175885955226,67.38996234335453,Houston,243769.85242445537,42.34187670268648,1792.8345227055038,0.09308404028346806,0.111256946577676,0.9069815611005216,0.10332751347539812,0.09375874021779589,79894.13713482583,0.066476039470062,29.56298632734202,-95.09296088600891,58.03333333333333,0.4696817588595523,0.46968175885955227,0.12884030851017864,0.01659982509699801
77077,houston,1472,23550,1828766,6879.0,2658.0,0.3863933711295246,9099,5369.961,3130.056,38.63694267515923,59.50058853203296,Houston,228023.82165605095,48.6012922572355,2362.0856090732195,0.10292860300744339,0.13152000893630092,0.8774382240508071,0.09775878812921127,0.09375874021779589,77654.60721868365,0.0643627405662509,29.753751006529004,-95.64189919112528,47.68333333333333,0.3863694267515924,0.3863694267515923,0.10586218341402097,0.011206801877183816
77079,houston,1721,35231,4602654,8060.0,3790.0,0.4702233250620347,16566,8591.779,5698.704,47.0210893815106,67.4366265985101,Houston,243869.85893105503,35.03755650596219,1227.6303659084936,0.16468629003109453,0.196760590912899,0.936314868152601,0.1237266764679554,0.09375874021779589,130642.16173256507,0.1143636537323103,29.77630193354392,-95.60365939802548,41.53333333333333,0.47021089381510606,0.470210893815106,0.09220851487862296,0.00850241021612123
75063,dallas,1860,64554,5287281,8772.0,4169.0,0.4752621979024168,30680,15804.39,10553.92,47.5261021780215,67.8799678869215,Dallas,244824.33311646065,4.640900472045372,21.537957191430955,0.30294182549627074,0.3605350610181798,0.998909381184085,0.09652442810445634,0.09375874021779589,81904.77739566875,0.0683733500746541,32.90797657670741,-96.99613618024522,9.616666666666667,0.4752610217802152,0.475261021780215,0.021350045379199618,0.00045582443769388295
75074,dallas,2045,30001,1801730,9556.0,2991.0,0.3129970699037254,9390,6424.865,3230.16,31.298956701443288,51.52748053902778,Dallas,214155.0281657278,30.80928895819212,949.2122861093789,0.12314961830749994,0.16755005724817784,0.9507643779896824,0.09384448932206328,0.09375874021779589,60055.66481117296,0.0477557618293497,33.03297509641816,-96.6730503395541,36.9,0.31298956701443287,0.31298956701443287,0.08192201121238814,0.006711215921082648
75080,dallas,1952,36820,2765050,9269.0,3668.0,0.3957276944654224,14570,8460.83,5012.08,39.570885388375885,60.44210027260875,Dallas,229788.97338403043,14.631957117123276,214.0941690773345,0.1621761832038125,0.20563545477393952,0.9889159824800784,0.11015674827802856,0.09375874021779589,75096.41499185226,0.0619487407398884,32.97382130888198,-96.7416059703544,34.05,0.395708853883759,0.39570885388375887,0.07559470140330124,0.005714558880254275
75081,dallas,1754,33470,2178886,8114.0,2730.0,0.3364555089967956,11261,7316.179,3873.784,33.64505527337914,54.19376572662148,Dallas,218589.1544666866,53.42505724032802,2854.2367411323257,0.14023484504960598,0.1869250747018906,0.8518962670444595,0.09754837102701985,0.09375874021779589,65099.67134747535,0.0525154631430727,32.94969299865629,-96.70899222839589,32.916666666666664,0.3364505527337916,0.33645055273379143,0.0730785782043661,0.005340478592371652
75082,dallas,725,42167,4215427,3226.0,1432.0,0.4438933663980161,18717,10073.398,6438.648,44.38779140085849,65.06413598915424,Dallas,238892.92574762256,56.2587624322244,3165.048350405464,0.19308682739549402,0.2354994554441621,0.8357655782295962,0.12069544091726012,0.09375874021779589,99969.81051533188,0.0854201483397379,32.9921244749041,-96.66527883586551,32.1,0.44387791400858506,0.4438779140085849,0.07126548942866286,0.005078769983506857
75093,dallas,2648,51297,3765878,12839.0,4786.0,0.3727704649894852,19122,11565.093,6577.968,37.27703374466343,58.10164988996392,Dallas,225453.5937774139,26.276657150708004,690.4627110158541,0.2216805074062039,0.2864922226255969,0.9641931198779684,0.12257772692727388,0.09375874021779589,73413.22104606507,0.0603604199521665,33.03521818233605,-96.80946889809631,29.683333333333334,0.3727703374466344,0.3727703374466343,0.06590022672505116,0.004342839882413148
75701,dallas,1321,29031,1478684,6132.0,1776.0,0.2896281800391389,8408,6088.917,2892.352,28.96214391512521,48.752122592669295,Dallas,209738.45199958666,46.92933367608381,2202.3623592812137,0.11670997105237209,0.16213242480940546,0.8857276378372445,0.14754510600660894,0.09375874021779589,50934.65605731804,0.0391488583616893,32.32293891980356,-95.29678520027265,127.58333333333333,0.28962143915125227,0.2896214391512521,0.28324886893894813,0.08022992175519342
75702,dallas,831,12344,508195,3596.0,1210.0,0.3364849833147942,4153,2698.237,1428.632,33.643875567077124,54.192453955708,Dallas,218586.92482177576,44.24521780209091,1957.6392983544629,0.051715438699100315,0.06893239129827697,0.898428423212868,0.09524538971450895,0.09375874021779589,41169.39403758911,0.0299340149371948,32.36405209373715,-95.3121203698754,122.23333333333333,0.3364387556707713,0.33643875567077125,0.2713712873675043,0.0736423756074966
75703,dallas,1666,21847,884832,7803.0,2534.0,0.3247468922209406,7094,4727.051,2440.336,32.471277520941086,52.87434649743923,Dallas,216370.71451457866,50.43990094337703,2544.1836071776875,0.09060492905553935,0.12200843363400263,0.867987592048669,0.12966999638867757,0.09375874021779589,40501.30452693734,0.0293035822645471,32.23824510893632,-95.31948593161778,124.21666666666667,0.324712775209411,0.3247127752094109,0.2757745029656408,0.07605157648594624
77477,houston,1557,29035,1597190,7134.0,1712.0,0.239977572189515,6967,5817.188,2396.648,23.995178233166868,42.41778504518452,Houston,200350.8868606854,54.44020335771635,2963.7357416295104,0.11150131105443002,0.16215476556173028,0.8462134217135232,0.09607106344376355,0.09375874021779589,55009.12691579128,0.0429936718364985,29.626213761899134,-95.56716914079436,50.8,0.23995178233166886,0.2399517823316687,0.1127815222110926,0.012719671752251173
77478,houston,2104,37500,2519674,9928.0,3643.0,0.366941982272361,13760,8413.14,4733.44,36.693333333333335,57.49074847797541,Houston,224350.39999999997,48.860728820643246,2387.3708208844373,0.16126203346159926,0.2094333826691614,0.8761259568407808,0.1268709152430998,0.09375874021779589,67191.30666666667,0.0544892035228547,29.61895460910922,-95.60771578896615,50.45,0.3669333333333332,0.36693333333333333,0.11200448416436265,0.012545004472924963
77479,houston,2773,27701,1534098,13413.0,4597.0,0.3427272049504212,9493,6087.832,3265.592,34.26952095592217,54.88416270906463,Houston,219769.3946066929,55.32964279201687,3061.369371492184,0.11668917313938611,0.15470412466139796,0.841146372561584,0.10902615593528246,0.09375874021779589,55380.599978340135,0.0433442068350362,29.565012780253205,-95.6346058730444,55.516666666666666,0.3426952095592217,0.34269520955922167,0.12325303493607266,0.015191310620952749
77494,houston,2844,31564,1474814,13660.0,4807.0,0.3519033674963396,11107,6991.643,3820.808,35.18882270941579,55.88628522139161,Houston,221506.87492079585,54.19655724947536,2937.2668176956604,0.13401394966820715,0.17627970621910694,0.8475871219309628,0.11875117696709321,0.09375874021779589,46724.55962488912,0.0351760638428657,29.745667090042552,-95.82300061977466,56.166666666666664,0.351888227094158,0.3518882270941579,0.12469610559428546,0.015549118750381188
75503,dallas,1004,16451,686673,4538.0,1428.0,0.3146760687527545,5176,3528.169,1780.544,31.46313294024679,51.71788686355397,Dallas,214465.32125706645,50.17691881899457,2517.723182167972,0.06762405945511844,0.09187075874780083,0.8693608511838053,0.1264253499178846,0.09375874021779589,41740.50209713695,0.0304729325142724,33.51343914277675,-94.13022272820835,176.81666666666666,0.3146313294024681,0.3146313294024679,0.3925522208456304,0.15409724609083658
75601,dallas,837,11911,613245,3662.0,1281.0,0.349808847624249,4166,2633.579,1433.104,34.97607253799009,55.65585815981831,Dallas,221104.77709680126,32.37670384082264,1048.2509515963395,0.05047603643380314,0.06651400485911363,0.9456244094494288,0.10234595718174407,0.09375874021779589,51485.60154479053,0.0396687498292438,32.50859375302652,-94.72418752017303,148.7,0.34976072537990094,0.34976072537990094,0.33013016442498955,0.10898592546327063
77380,houston,2411,47291,4227391,11495.0,4915.0,0.4275772074815137,20220,11151.685,6955.68,42.75654987206868,63.541231767922326,Houston,235809.8792582098,46.17898021142461,2132.4982133671456,0.21375606168112768,0.26411795917227515,0.8893534895217795,0.12986352013989752,0.09375874021779589,89391.02577657482,0.0754376363710744,30.13648780097962,-95.46864584219192,34.03333333333333,0.42756549872068694,0.42756549872068683,0.0755576995915522,0.0057089659675672476
77845,houston,1430,19604,1004831,6569.0,2124.0,0.3233368853706804,6338,4236.502,2180.272,32.33013670679453,52.71374934651395,Houston,216103.9583758417,55.80245688140296,3113.9141940008367,0.08120179963861852,0.10948085676785166,0.8384193695944121,0.10402129235103155,0.09375874021779589,51256.42725974291,0.0394524929434206,30.562113891254008,-96.2760882135566,83.4,0.3233013670679456,0.3233013670679453,0.18515706599222687,0.03428313908684986
90036,los_angeles,2495,28156,2071615,11967.0,6428.0,0.5371438121500793,15123,7222.427,5202.312,53.71146469668987,73.02773178807948,Los Angeles,256514.66827674385,18.14356605835687,329.1889893139595,0.1384377520189502,0.1572453852383479,0.98294272191307,0.11680184458576694,0.09375874021779589,73576.32476204007,0.0605143303338466,34.07017849437289,-118.34975835507473,43.36666666666667,0.5371146469668987,0.5371146469668987,0.09627871417101803,0.00926959080242459
90045,los_angeles,2251,65509,4470187,10708.0,4250.0,0.3968995143817706,26000,15067.895,8944.0,39.6892030102734,60.56028243718534,Los Angeles,230012.5936894167,43.77938289749361,1916.6343668853565,0.2888242596671383,0.36586891563573404,0.9005565219378473,0.10784052631534338,0.09375874021779589,68237.75359110962,0.0554766675091055,33.95301029491566,-118.40029769122198,14.583333333333334,0.396892030102734,0.39689203010273405,0.032376585280415364,0.0010482432744200088
90048,los_angeles,2498,34695,3092914,12058.0,5200.0,0.4312489633438381,14962,8205.543,5146.928,43.124369505692464,63.8882958281737,Los Angeles,236505.05836575874,36.19934725040211,1310.392741355195,0.15728269305408746,0.19376693010137117,0.9320196163535074,0.12221883512926673,0.09375874021779589,89145.81351779796,0.0752062454912567,34.07287715915731,-118.37265486114072,44.43333333333333,0.43124369505692467,0.4312436950569246,0.09864683012295698,0.009731197093307532
90064,los_angeles,2435,29287,3613746,11668.0,6525.0,0.5592218032224888,16377,7634.738,5633.688,55.91900843377607,74.74717837372611,Los Angeles,260686.9259398368,10.51449426514124,110.55458965168802,0.14634116980803966,0.16356223295819486,0.994289542173176,0.10761731817328783,0.09375874021779589,123390.78772151466,0.1075210031214736,34.035820377515456,-118.42649926479282,32.25,0.559190084337761,0.5591900843377607,0.07159850573440427,0.0051263460233995205
90067,los_angeles,3021,31635,7267291,14677.0,11492.0,0.7829937998228521,24770,9584.955,8520.88,78.29935198356252,89.38319973193803,Los Angeles,302985.7752489331,12.679731646836991,160.77559463579954,0.18372406701520774,0.17667625457287275,0.9916831420928736,0.1351397665184386,0.09375874021779589,229723.1231231232,0.2078599207774542,34.05643734140253,-118.41369041208144,37.1,0.782993519835625,0.7829935198356252,0.08236603295337669,0.0067841633844767345
90069,los_angeles,2742,18721,1868176,13294.0,7934.0,0.5968105912441704,11172,5013.263,3843.168,59.67629934298382,77.54409971145552,Los Angeles,267788.20575823943,17.017996429341945,289.6122024690952,0.09609120764682329,0.10454913569214443,0.9849967019248838,0.10170099993851481,0.09375874021779589,99790.39581218953,0.0852508463390164,34.09395380319442,-118.38153056612224,48.75,0.5967629934298383,0.5967629934298382,0.10823029936595993,0.011713797700845307
90071,los_angeles,1140,39205,7631633,5349.0,4113.0,0.7689287717330342,30145,11774.18,10369.88,76.89070271649024,88.58918113310523,Los Angeles,300323.4281341666,57.48102765151739,3304.0685398745063,0.22568840900297757,0.2189561283476221,0.8285506243848774,0.1530709216819797,0.09375874021779589,194659.6862645071,0.174772833106481,34.05237931675913,-118.25520908626986,38.4,0.7689070271649026,0.7689070271649023,0.08525217426980228,0.007267933217728738
90210,los_angeles,2533,30580,2647199,12193.0,6338.0,0.51980644632166,15895,7744.055,5467.88,51.97841726618705,71.63597733711048,Los Angeles,253239.2086330935,17.804029303343704,316.9834594343213,0.14843662183927311,0.17078388114719764,0.983576171882231,0.1279934875422509,0.09375874021779589,86566.3505559189,0.0727721738539595,34.10251109811895,-118.41507460054085,50.15,0.5197841726618705,0.5197841726618705,0.1113384515528798,0.012396250794192962
90232,los_angeles,1330,28114,3418803,6154.0,3143.0,0.510724731881703,14358,7071.332,4939.152,51.0706409617984,70.89170087604215,Los Angeles,251523.51141779896,40.093645175937006,1607.5003834939369,0.13554147491054788,0.15701080733893713,0.916600144310408,0.09809208318985307,0.09375874021779589,121605.001067084,0.1058358722589444,34.0186472404149,-118.39157661982985,29.416666666666668,0.510706409617984,0.510706409617984,0.06530819773706642,0.0042651606916637675
90245,los_angeles,2247,75713,9332707,10598.0,6266.0,0.5912436308737498,44764,20195.911,15398.816,59.12326813096826,77.14225925971516,Los Angeles,266742.97676753,20.50948976362548,420.6391703642584,0.3871210620253954,0.42286017481638694,0.9781965851261106,0.16415966545948388,0.09375874021779589,123264.26109122609,0.1074016081595379,33.917089218097416,-118.40152699094313,23.833333333333332,0.5912326813096828,0.5912326813096827,0.052912590801135966,0.0027997422652884583
90401,los_angeles,1907,23868,2930194,9067.0,5104.0,0.562920480864674,13435,6238.755,4621.64,56.28875481816659,75.02951876436047,Los Angeles,261385.74660633484,42.75910553209639,1828.3411059049563,0.11958215325144411,0.13329609874612527,0.905138818978344,0.10195509698399596,0.09375874021779589,122766.63314898607,0.1069320289959547,34.01609897523384,-118.49245394098502,37.1,0.5628875481816659,0.5628875481816659,0.08236603295337669,0.0067841633844767345
90404,los_angeles,1615,28383,4537490,7602.0,3717.0,0.4889502762430939,13877,7022.118,4773.688,48.8919423598633,69.06090702915603,Los Angeles,247405.77106014165,21.48767510502306,461.7201814190278,0.1345981122472373,0.15851322293278225,0.9760645379767968,0.103685702609606,0.09375874021779589,159866.46936546525,0.1419407344580879,34.02664954925723,-118.47383455715905,34.7,0.4889194235986331,0.488919423598633,0.07703777206151405,0.0059348183242017944
90802,los_angeles,1392,25625,2077786,6379.0,2956.0,0.4633955165386424,11874,6216.061,4084.656,46.33756097560976,66.83069204235714,Los Angeles,242577.99024390243,42.346949684835856,1793.2641476100196,0.11914714141982768,0.14310927420480885,0.906959264167476,0.10282537150771934,0.09375874021779589,81084.33170731708,0.0675991487740451,33.75053582376913,-118.20936922616517,41.05,0.4633756097560976,0.4633756097560976,0.09113546233790061,0.0083056724955429
91101,los_angeles,2118,25394,2688016,10160.0,5773.0,0.5682086614173228,14429,6663.151,4963.576,56.82050878160195,75.43279212534915,Los Angeles,262390.7615972277,51.543484340758,2656.730777985965,0.12771722337088892,0.14181909575804966,0.8621465509320028,0.12767583162243498,0.09375874021779589,105852.4060801764,0.090971171645631,34.1467718384086,-118.13892172883376,59.266666666666666,0.5682050878160197,0.5682050878160195,0.13157844257960805,0.017312886551675212
91105,los_angeles,1321,20835,1569391,6139.0,2587.0,0.4214041374816745,8779,4888.656,3019.976,42.1358291336693,62.95059464664365,Los Angeles,234636.717062635,31.26849754202885,977.7189385358644,0.09370266797544641,0.11635622329581949,0.9492849225069208,0.09954953213808226,0.09375874021779589,75324.74202063835,0.0621641981250147,34.14050035644464,-118.16712533889554,54.75,0.4213582913366932,0.42135829133669295,0.12155095159561655,0.014774633833799917
91203,los_angeles,1402,24767,2068185,6500.0,3847.0,0.5918461538461538,14658,6609.247,5042.352,59.183591068760855,77.18625172079169,Los Angeles,266856.98711995804,63.83946040941903,4075.47670536578,0.1266839600514454,0.13831718283113184,0.7885156170185685,0.1233924743392483,0.09375874021779589,83505.6728711592,0.069884011141999,34.15290810196784,-118.26351679082876,54.21666666666667,0.5918359106876088,0.5918359106876085,0.12036689361964707,0.014488189079643434
91301,los_angeles,1536,14992,1511815,7167.0,3646.0,0.5087205246267615,7626,3765.074,2623.344,50.86712913553896,70.72337042925277,Los Angeles,251138.87406616862,37.67956581651274,1419.7496801209156,0.07216519270483586,0.08372196933731743,0.9263441438282012,0.09543041511266488,0.09375874021779589,100841.44877267876,0.0862426567422798,34.123160170725626,-118.7568601512393,65.43333333333334,0.5086712913553896,0.5086712913553896,0.14526911292675512,0.02110311517052633
91302,los_angeles,2199,24045,2340667,10483.0,6522.0,0.6221501478584375,14959,6554.226,5145.896,62.21251819505095,79.34546226064818,Los Angeles,272581.6593886463,31.523176220986468,993.7106390593668,0.12562928542434718,0.1342846770364992,0.9484549755645644,0.12947071197842952,0.09375874021779589,97345.269286754,0.0829435392704047,34.12298146883412,-118.67190818102853,60.75,0.6221251819505096,0.6221251819505095,0.13487160382527316,0.018190349518401438
91406,los_angeles,1761,25859,1521027,8191.0,2558.0,0.3122939811988768,8075,5534.32,2777.8,31.227038941954444,51.44388725574961,Los Angeles,214019.1036002939,66.7947109447775,4461.53341019638,0.10607913220602637,0.14441620821581166,0.7684798127412533,0.09610671775963563,0.09375874021779589,58820.023976178505,0.0465897678395948,34.197891780317356,-118.4899094045512,48.13333333333333,0.3122703894195445,0.31227038941954444,0.10686123233124523,0.01141932297535237
91436,los_angeles,3535,16728,2378874,17167.0,12593.0,0.7335585716782198,12270,4911.87,4220.88,73.35007173601149,86.52683752417796,Los Angeles,293631.6355810617,24.518523695567588,601.1580042101093,0.09414764747042938,0.09341785584629562,0.9688279095454296,0.10064473538046854,0.09375874021779589,142209.11047345767,0.1252786318794546,34.152154680379375,-118.49053466618136,45.483333333333334,0.7335007173601149,0.7335007173601149,0.1009779442631469,0.0101965452276112
91505,los_angeles,2106,39256,4427425,10005.0,5520.0,0.5517241379310345,21658,10178.042,7450.352,55.17118402282454,74.17123287671234,Los Angeles,259273.53780313837,30.78947781860345,947.991944342274,0.19509270463651227,0.21924097293976375,0.9508277120245306,0.1561824200969093,0.09375874021779589,112783.39616873852,0.0975114967606959,34.175890417811566,-118.34692809477858,55.38333333333333,0.5517118402282454,0.5517118402282454,0.12295702044208029,0.01511842887599415
91608,los_angeles,241,39515,2355864,1036.0,767.0,0.7403474903474904,29254,11653.831,10063.376,74.0326458306972,86.93204732532126,Los Angeles,294921.7006200177,34.52084075129927,1191.6884461765642,0.22338148915970604,0.22068753665279678,0.9381802036333458,0.1740379423367523,0.09375874021779589,59619.48627103632,0.0473441684748279,34.1383598836866,-118.35279671474252,54.35,0.7403264583069721,0.7403264583069721,0.12066290811363943,0.014559537394440592
91710,los_angeles,2816,37816,2019581,13346.0,2279.0,0.1707627753634047,6457,7081.853,2221.208,17.074783160566955,32.45282747924983,Los Angeles,187271.34017347154,20.5123382003393,420.7560184450989,0.13574314757647,0.2111983021028233,0.9781905208737648,0.1145684943062903,0.09375874021779589,53405.46329595938,0.0414803986511551,34.0050985504051,-117.68253284250349,71.38333333333334,0.17074783160566967,0.17074783160566956,0.1584787597211646,0.025115517282758622
91730,los_angeles,3119,46283,2765198,14927.0,4062.0,0.2721243384471092,12594,9554.131,4332.336,27.210854957543805,46.58898137138327,Los Angeles,206428.5158697578,25.6524181183882,658.0465553206112,0.18313321460057194,0.25848808958641684,0.9658754731250592,0.15599291038218036,0.09375874021779589,59745.43568912992,0.0474630187591105,34.1002327188723,-117.58110392176238,81.25,0.27210854957543823,0.27210854957543806,0.1803838322765999,0.032538326946792526
91748,los_angeles,2694,26990,1515894,12871.0,3270.0,0.2540595136353041,6857,5479.423,2358.808,25.40570581696925,44.280337275595485,Los Angeles,203016.78399407188,54.85997684019047,3009.617058906235,0.10502683448326941,0.15073305593565864,0.8438322453696355,0.10082549912851256,0.09375874021779589,56165.0240829937,0.0440844169070423,33.97691004904251,-117.89922113082267,60.55,0.2540570581696926,0.2540570581696925,0.1344275820842846,0.018070774825027072
91761,los_angeles,2773,73422,4285925,13160.0,1813.0,0.1377659574468085,10115,13292.145,3479.56,13.77652474735093,27.15686199305017,Los Angeles,181037.63177249325,45.99476202881469,2115.5181340872937,0.2547856476995323,0.410064508922338,0.890234731942407,0.15598884624684622,0.09375874021779589,58373.85252376672,0.0461687448228905,34.03540141169486,-117.59149440274045,72.73333333333333,0.13776524747350938,0.1377652474735093,0.16147590647283733,0.02607446837122451
91764,los_angeles,1249,27330,1346022,5808.0,1799.0,0.3097451790633609,8465,5836.035,2911.96,30.9732894255397,51.14803625377643,Los Angeles,213539.51701427004,26.261492394508902,689.665982786849,0.11186258134571735,0.15263201988326958,0.9642344689612996,0.11861478608521266,0.09375874021779589,49250.71350164654,0.0375598311594487,34.07534436065593,-117.6015233505372,76.0,0.30973289425539713,0.309732894255397,0.16872826157565035,0.028469226254341087
91773,los_angeles,1238,23019,1301268,5601.0,1661.0,0.2965541867523656,6826,4858.059,2348.144,29.65376428168035,49.58645095007317,Los Angeles,211045.61449237587,27.75137166929728,770.1386295274758,0.0931161668292418,0.12855427406517914,0.9600580508869644,0.10040402969971597,0.09375874021779589,56530.17072852861,0.0444289820768027,34.10722243553076,-117.80927698515941,65.76666666666667,0.29653764281680367,0.2965376428168035,0.14600914916173602,0.021318671638934077
91786,los_angeles,2017,22755,1159466,9483.0,2192.0,0.2311504798059685,5259,4520.976,1809.096,23.11140408701384,41.22350253636577,Los Angeles,198680.55372445617,61.56271751072263,3789.9681873050345,0.08665476323195809,0.12707978441174006,0.8033331107074335,0.09717234079333005,0.09375874021779589,50954.33970555922,0.0391674325419006,34.10524958595612,-117.66207037204074,75.28333333333333,0.2311140408701386,0.23111404087013843,0.16713718367044136,0.02793483816528685
92008,los_angeles,2191,37858,3377530,10393.0,4546.0,0.4374097950543635,16559,8997.641,5696.296,43.73976438269322,64.46415660975474,Los Angeles,237668.1546832902,45.23654020934868,2046.34457011202,0.1724660896258553,0.21143288000223406,0.8938247433879564,0.19556457670857902,0.09375874021779589,89215.75360557874,0.0752722434088439,33.1436322382275,-117.31841201219024,126.05,0.43739764382693236,0.4373976438269322,0.27984470225803587,0.07831305738188875
92009,los_angeles,1397,13253,1005021,6530.0,3260.0,0.4992343032159265,6616,3304.639,2275.904,49.920772655247866,69.9334068224031,Los Angeles,249350.26031841847,36.59737275393622,1339.3676924905533,0.06333930600833879,0.07400932726409562,0.9305158568212192,0.11823747178751597,0.09375874021779589,75833.47166679242,0.0626442532454238,33.09534245039282,-117.2457698410281,134.75,0.49920772655247875,0.49920772655247864,0.29915964799103795,0.08949649498612174
92010,los_angeles,665,10319,975463,2762.0,1388.0,0.502534395365677,5185,2579.41,1783.64,50.24711696869851,70.2071686945084,Los Angeles,249967.05107084019,47.105637273039896,2218.941062899205,0.049437693439759345,0.057622385433829484,0.884867226253388,0.10082712891306149,0.09375874021779589,94530.76848531836,0.0802876776917858,33.15675281199194,-117.28424164571048,126.9,0.5024711696869851,0.5024711696869851,0.28173179465723724,0.07937280412078769
92011,los_angeles,1035,11949,1034256,4664.0,2351.0,0.5040737564322469,6023,2990.442,2071.912,50.40589170641895,70.33984550960143,Los Angeles,250267.13532513182,35.48803952765025,1259.4009495160667,0.057316594610683766,0.06672624200619956,0.9346660191960292,0.1101106862284961,0.09375874021779589,86555.86241526487,0.0727622768769254,33.10704895887614,-117.29459818798996,128.9,0.5040589170641896,0.5040589170641895,0.2861720120671228,0.08189442049054546
92020,los_angeles,1899,28706,1532734,8850.0,1835.0,0.2073446327683615,5952,5574.358,2047.488,20.734341252699785,37.90186125211506,Los Angeles,194187.9049676026,11.498698997259067,132.22007862956667,0.10684660394808411,0.16031723868301265,0.99316513352724,0.13974868426403744,0.09375874021779589,53394.20330244548,0.0414697733267161,32.795607079238366,-116.96975885770385,147.7,0.20734341252699803,0.20734341252699784,0.3279100557200468,0.10752500464232419
92024,los_angeles,2688,20905,1149238,12901.0,5485.0,0.4251608402449423,8887,4919.918,3057.128,42.511360918440566,63.308671626146165,Los Angeles,235346.47213585267,67.7919645390186,4595.750456059554,0.09430191622961016,0.11674718646150409,0.761514135347374,0.14319344575208104,0.09375874021779589,54974.31236546281,0.0429608196068786,33.05724558546595,-117.2577839458091,134.18333333333334,0.42511360918440577,0.42511360918440566,0.29790158639157044,0.08874535517461431
92025,los_angeles,1792,23793,1207461,8408.0,2342.0,0.2785442435775452,6627,4940.418,2279.688,27.85272979447737,47.39035827025038,Los Angeles,207641.65931156222,42.03225167435336,1766.710180816181,0.09469487218925308,0.13287720964003463,0.90833737799068,0.13449335303545082,0.09375874021779589,50748.58151557181,0.0389732719038951,33.084963550957234,-117.02963078205234,137.38333333333333,0.27852729794477377,0.2785272979447737,0.30500593424738726,0.09302861992612152
92037,los_angeles,2596,34322,3221484,12512.0,5974.0,0.4774616368286445,16387,8417.053,5637.128,47.744886661616455,68.07090212089203,Los Angeles,245237.8357904551,45.91675276007342,2108.3481840297104,0.16133704012843259,0.19168365494708034,0.8906068423454497,0.19930256913809768,0.09375874021779589,93860.61418332264,0.079655296609674,32.85487599032433,-117.25319923435242,139.85,0.4774488666161647,0.47744886661616454,0.3104822023862461,0.09639919799861386
92056,los_angeles,1172,16842,951478,5279.0,1501.0,0.2843341541958704,4788,3515.442,1647.072,28.428927680798004,48.10126582278481,Los Angeles,208730.67331670824,54.085476123309626,2925.238727485096,0.06738010089422208,0.0940545672875534,0.8482113630288981,0.10759675211126114,0.09375874021779589,56494.35933974588,0.0443951891954873,33.201952702712745,-117.28933614501273,124.38333333333334,0.2842892768079802,0.28428927680798005,0.2761445210831313,0.07625579652423195
92064,los_angeles,1692,34681,2629592,7691.0,2494.0,0.3242751267715512,11246,7501.049,3868.624,32.42697730745942,52.82398491548511,Los Angeles,216286.9871110983,13.658399258771372,186.5518703120064,0.14377854106224927,0.19368873746823426,0.9903453893534848,0.17584514760108283,0.09375874021779589,75822.26579395057,0.0626336789911474,32.980394689809074,-117.01747285115897,141.06666666666666,0.3242697730745943,0.32426977307459415,0.31318333464392645,0.09808380109868962
92078,los_angeles,1374,15201,897406,6246.0,2032.0,0.3253282100544348,4945,3290.76,1701.08,32.530754555621336,52.94189621155346,Los Angeles,216483.12611012434,18.22986327971316,332.3279151970343,0.06307326523936883,0.08488927364629004,0.9827798160397944,0.10929831189751979,0.09375874021779589,59035.98447470561,0.0467935557334355,33.118314987526766,-117.18553487249292,133.21666666666667,0.32530754555621355,0.32530754555621333,0.29575548131012575,0.08747130472498414
92081,los_angeles,1072,18355,1251162,4694.0,1240.0,0.2641670217298679,4848,3761.297,1667.712,26.412421683465,45.57798460856602,Los Angeles,204919.47698174886,55.28609955634009,3056.552804153548,0.07209279296534458,0.10250495685442207,0.8413963456854228,0.11201499264916753,0.09375874021779589,68164.64178697903,0.0554076766488312,33.16455112481151,-117.24055299159198,129.73333333333332,0.26412421683465015,0.26412421683465,0.28802210265457506,0.08295673161756258
92101,los_angeles,4351,63064,5621778,21231.0,11815.0,0.5564975743017286,35094,16407.686,12072.336,55.6482303691488,74.53939702883774,Los Angeles,260175.15539769127,28.29194855282372,800.4343529156241,0.3145061551854775,0.3522131307771789,0.9584857451177616,0.3032641335406906,0.09375874021779589,89144.0124318153,0.075204545923412,32.71616636359062,-117.18588427005052,150.41666666666666,0.5564823036914882,0.556482303691488,0.33394135103514133,0.11151682593117548
92103,los_angeles,1814,23819,2052792,8608.0,3496.0,0.4061338289962825,9673,5520.142,3327.512,40.61043704605567,61.47218767306103,Los Angeles,231753.7260170452,35.07367054613717,1230.16236557897,0.10580736003062065,0.13302242453014607,0.9361834609028548,0.15504915976555197,0.09375874021779589,86182.9631806541,0.0724103960924559,32.747815639747174,-117.1673327638232,142.41666666666666,0.40610437046055675,0.4061043704605567,0.3161804813955992,0.09997009681555284
92106,los_angeles,922,9473,576988,4202.0,1900.0,0.4521656354117087,4283,2277.802,1473.352,45.212709806819376,65.81853307281948,Los Angeles,240452.02153488863,52.04794112680707,2708.9881755395745,0.04365629533849188,0.05289731631712698,0.859434464918925,0.09836763505517832,0.09375874021779589,60908.687849678034,0.0485607042591001,32.71018231962953,-117.23763062773526,147.58333333333334,0.4521270980681939,0.45212709806819373,0.3276510430378035,0.10735520600376057
92108,los_angeles,2657,51639,3532619,12825.0,6443.0,0.5023781676413256,25942,12907.083,8924.048,50.23722380371425,70.19889054255177,Los Angeles,249948.3529890199,52.11251857486545,2715.7145922156965,0.2474045546394336,0.2884023569493703,0.8590853732794738,0.2552386492273249,0.09375874021779589,68409.90336760975,0.0556391140704785,32.77424772446719,-117.14107366325106,141.35,0.5023722380371425,0.5023722380371425,0.3138123654436602,0.09847820070534534
92109,los_angeles,1806,16093,800447,8560.0,3374.0,0.3941588785046729,6343,3693.242,2181.992,39.414652333312624,60.28567161342006,Los Angeles,229493.69290996084,40.76758979170639,1661.996377424843,0.07078827502224706,0.08987126141472813,0.9137718782690852,0.12338506171539171,0.09375874021779589,49738.83054744299,0.0380204355078783,32.786189583747756,-117.23414416337522,141.58333333333334,0.3941465233331262,0.3941465233331262,0.3143303908081469,0.09880359458560235
92110,los_angeles,1634,26695,1394204,7516.0,2392.0,0.3182543906333156,8495,5743.28,2922.28,31.822438658924888,52.13255599877263,Los Angeles,215144.40906536803,27.20668107671755,740.2034952102209,0.1100845993927086,0.14908542545170209,0.961611642586554,0.15108507581138503,0.09375874021779589,52227.15864394081,0.0403685090927624,32.76524978143696,-117.19966128947576,140.53333333333333,0.31822438658924895,0.3182243865892489,0.31199927666795696,0.09734354864132835
92111,los_angeles,2151,33630,1959724,10130.0,2577.0,0.2543928923988154,8555,6829.545,2942.92,25.438596491228072,44.32314410480349,Los Angeles,203078.94736842104,36.52689145088063,1334.213799064417,0.13090676063668524,0.18781870479488397,0.9307833366982944,0.15930452300014208,0.09375874021779589,58273.08950341957,0.0460736613060732,32.806485768364006,-117.16896301039374,140.26666666666668,0.25438596491228077,0.2543859649122807,0.31140724767997224,0.09697447390761557
92121,los_angeles,3068,119253,17903524,14764.0,6721.0,0.4552289352479003,54287,28744.458,18674.728,45.52254450621787,66.09921256829367,Los Angeles,241037.6091167518,45.64180693174755,2083.174539994919,0.5509845981199146,0.6660392638722109,0.8919133193435612,0.38565720447383744,0.09375874021779589,150130.5962952714,0.1327536234761872,32.897209687766114,-117.20218395668908,137.15,0.4552254450621789,0.4552254450621787,0.3044879088829006,0.0927128866558816
92122,los_angeles,1324,21974,2772920,6208.0,3208.0,0.5167525773195877,11355,5552.065,3906.12,51.674706471284246,71.38815541305168,Los Angeles,252665.19523072723,47.22297879189993,2230.009725980231,0.10641927871840996,0.12271775252031612,0.8842927780846914,0.16021361897122416,0.09375874021779589,126190.95294438882,0.1101633371458316,32.85679808647219,-117.21015567417635,139.23333333333332,0.5167470647128426,0.5167470647128425,0.30911313535153134,0.09555093044685413
92123,los_angeles,1940,72304,5956962,9105.0,3574.0,0.3925315760571115,28381,16571.129,9763.064,39.252323522903296,60.12268639010278,Los Angeles,229186.89145828722,22.270317723270168,495.9670514954013,0.31763912596166866,0.4038202686475467,0.9742871732079036,0.28098757222334203,0.09375874021779589,82387.72405399424,0.0688290754642915,32.809617835073375,-117.13419914349538,140.88333333333333,0.39252323522903304,0.392523235229033,0.3127763147146869,0.09782902304650087
92126,los_angeles,1731,20003,1115803,8051.0,2025.0,0.2515215501179977,5031,4051.324,1730.664,25.151227315902613,43.94818614054135,Los Angeles,202535.81962705593,40.37228651652288,1629.9215185722148,0.0776521997022889,0.1117093468122539,0.9154365186862896,0.11913050617840534,0.09375874021779589,55781.78273259011,0.0437227769397146,32.91199163217185,-117.14342192549218,139.85,0.2515122731590262,0.25151227315902613,0.3104822023862461,0.09639919799861386
92127,los_angeles,1387,24439,2688127,6386.0,3546.0,0.5552771688067648,13570,6352.775,4668.08,55.52600351896558,74.44532394962263,Los Angeles,259944.14665084495,30.49274660613808,929.8075955861456,0.12176775513039464,0.1364852411404954,0.9517714543505398,0.1742886753468766,0.09375874021779589,109993.330332665,0.0948786928716138,33.01912726446024,-117.1233793496473,138.96666666666667,0.5552600351896559,0.5552600351896558,0.3085211063635466,0.09518527307178686
92128,los_angeles,1338,18136,1327228,6248.0,2975.0,0.4761523687580025,8635,4443.095,2970.44,47.61248345831496,67.95543463596708,Los Angeles,244987.59373621526,37.63220116370447,1416.1825644255202,0.08516189478839953,0.10128180066463738,0.9265292721552402,0.13958155058200836,0.09375874021779589,73181.95853550949,0.0601421925435809,32.99693793928509,-117.07306043019022,138.35,0.47612483458314964,0.47612483458314964,0.30715203932883195,0.09434237526386033
92129,los_angeles,787,9597,916370,3525.0,1584.0,0.4493617021276596,4312,2302.503,1483.328,44.93070751276441,65.56180629466323,Los Angeles,239919.03719912472,51.11663602917959,2612.9104789396206,0.04412977851698651,0.05358987963919685,0.8644207633056779,0.09642870069317654,0.09375874021779589,95485.04741064916,0.0811881687244332,32.96353701935237,-117.12621622329148,138.7,0.4493070751276441,0.44930707512764406,0.30792907737556185,0.09482031669336476
92130,los_angeles,2200,23095,3156368,10469.0,6204.0,0.592606743719553,13686,6166.379,4707.984,59.25957999567005,77.24161284860799,Los Angeles,267000.6061918164,42.76183738754334,1828.5747367586991,0.11819480785948722,0.128978748359351,0.9051266938630432,0.1714584918770139,0.09375874021779589,136668.8893699935,0.120050685112398,32.94761714655877,-117.20582343516111,135.68333333333334,0.5925957999567005,0.5925957999567005,0.30123174944898456,0.09074056687609582
92131,los_angeles,1093,19670,1826354,4938.0,2713.0,0.5494127176994734,10806,5091.184,3717.264,54.936451448906965,73.98908386642408,Los Angeles,258829.89323843416,53.87059262588717,2902.040749864289,0.09758484283371774,0.10984947918121142,0.849415305696968,0.19686177136518823,0.09375874021779589,92849.7203863752,0.0787013818003382,32.8960309849938,-117.05739159773492,256.4961362084925,0.5493645144890698,0.5493645144890696,0.56944930478066,0.32427251071517704
92335,los_angeles,1557,28571,1948712,7146.0,1011.0,0.1414777497900923,4042,5192.443,1390.448,14.147212208183122,27.771615904830146,Los Angeles,181738.2310734661,41.47068791159015,1719.817955860509,0.09952583441993643,0.1595632382920495,0.9107710190324848,0.09964906411231145,0.09375874021779589,68205.94308914634,0.0554466500047873,34.087330048385944,-117.46515686407828,85.18333333333334,0.14147212208183135,0.14147212208183121,0.18911625984937477,0.03576495973941624
92373,los_angeles,1373,19864,1304876,6314.0,1855.0,0.2937915742793791,5835,4181.735,2007.24,29.37474828836085,49.25119374909564,Los Angeles,210518.274265002,37.91805098614309,1437.7785905877472,0.0801519938317032,0.1109330056689659,0.925408468532508,0.11277374050692394,0.09375874021779589,65690.49536850584,0.0530729853922685,34.006476508830104,-117.15355523321603,108.53333333333333,0.2937474828836085,0.29374748288360847,0.2409557981097884,0.05805969664272511
92374,los_angeles,999,20895,960971,4383.0,1099.0,0.2507415012548483,5239,4228.896,1802.216,25.07298396745633,43.845721595868056,Los Angeles,202387.93969849244,28.764206485692803,827.3795747515719,0.08105600339329928,0.116691334580692,0.9570873257038292,0.10579692134666094,0.09375874021779589,45990.47619047619,0.0344833569912765,34.067386471542534,-117.17486361559695,98.13333333333334,0.2507298396745633,0.2507298396745633,0.21786666757838363,0.04746588484170992
92408,los_angeles,1069,35350,1651942,4663.0,1110.0,0.2380441775680892,8414,7069.496,2894.416,23.8019801980198,42.158532919130174,Los Angeles,199985.74257425743,38.88832769929112,1512.3020312474528,0.1355062813914306,0.19742522829456283,0.9215408059522529,0.13800422035275942,0.09375874021779589,46731.03253182461,0.0351821719046659,34.08444902480286,-117.26533095476263,96.46666666666667,0.23801980198019815,0.23801980198019798,0.21416648640347902,0.04586728389841156
92507,los_angeles,1553,35255,1763069,7075.0,1451.0,0.2050883392226148,7230,6830.995,2487.12,20.507729400085097,37.57656754649738,Los Angeles,193759.60856616084,15.648088638031046,244.86267802367632,0.1309345550826112,0.19689463542684799,0.98731913980013,0.128324798578017,0.09375874021779589,50009.04836193448,0.0382754225062832,33.974593240265705,-117.32239791466036,90.73333333333333,0.20507729400085112,0.20507729400085098,0.20143786316180715,0.04057721271519494
92562,los_angeles,1871,19792,1009450,8757.0,2682.0,0.3062692702980473,6061,4213.289,2084.984,30.62348423605497,50.737861755560864,Los Angeles,212878.38520614387,40.01611310816899,1601.2893082857738,0.08075683931221894,0.11053087212711889,0.9169224904467796,0.12390397742021078,0.09375874021779589,51002.93047696039,0.0392132844964547,33.535788702857936,-117.35101031182735,133.35,0.30623484236054965,0.3062348423605497,0.2960514958041181,0.08764648816785577
92590,los_angeles,1456,20195,1207939,6608.0,2114.0,0.3199152542372881,6460,4351.165,2222.24,31.98811587026492,52.32282325715939,Los Angeles,215457.5389948007,37.03540932936678,1371.621544193748,0.08339972691669348,0.11278170292384596,0.9288419269248368,0.12638284305996478,0.09375874021779589,59813.76578360981,0.0475274974306035,33.48393331722044,-117.22075700841413,131.43333333333334,0.3198811587026493,0.3198811587026492,0.2917962874529778,0.08514507337134085
92591,los_angeles,1215,16227,723954,5634.0,1658.0,0.2942847000354988,4775,3417.66,1642.6,29.42626486719665,49.31322937106268,Los Angeles,210615.64059900166,26.887602129877862,722.9431482946126,0.06550575847247551,0.0906196766176101,0.962507430506392,0.10780176951999755,0.09375874021779589,44614.1615825476,0.0331846183000582,33.5343295337984,-117.10920567674025,127.86666666666666,0.2942626486719666,0.2942626486719665,0.2838778997386819,0.08058666196004512
92592,los_angeles,1354,15322,695140,6267.0,1974.0,0.314983245572044,4826,3287.024,1660.144,31.4971935778619,51.75731576528268,Los Angeles,214529.695862159,57.64991765368564,3323.5130054767355,0.06300165141179682,0.08556508140411628,0.8275414837529222,0.10930083112854624,0.09375874021779589,45368.75081582039,0.0338966751419913,33.51105861387763,-117.0241595075906,135.38333333333333,0.3149719357786191,0.314971935778619,0.3005657168375017,0.09033975013804127
92606,los_angeles,1141,19318,1558898,5099.0,2325.0,0.4559717591684644,8808,4659.002,3029.952,45.59478206853712,66.1644453029425,Los Angeles,241174.13810953515,42.36626644914056,1794.900532839573,0.08930052612394221,0.10788349297662599,0.9068743380574734,0.10327853713234096,0.09375874021779589,80696.65596852676,0.0672333243624511,33.698501636547086,-117.81229307476148,62.1,0.45594782068537126,0.4559478206853712,0.1378687505769459,0.019007792385648117
92610,los_angeles,518,15059,1292137,2140.0,963.0,0.45,6776,3614.809,2330.944,44.9963476990504,65.62167097854207,Los Angeles,240043.09715120526,47.0885835392824,2217.3346997359777,0.06928482552065322,0.08409617693875841,0.884950594260041,0.09480481767515328,0.09375874021779589,85804.96712929146,0.0720537057731028,33.68336352211001,-117.65408032199952,71.45,0.44996347699050415,0.44996347699050404,0.15862676696816078,0.025162451198771182
92612,los_angeles,2215,42115,5050893,10497.0,6588.0,0.6276078879679908,26431,11523.284,9092.264,62.759111955360325,79.72499558321017,Los Angeles,273614.72159563104,48.36577495983749,2339.248187465643,0.2208790881029497,0.23520902566393923,0.8786234543649101,0.17549890219937206,0.09375874021779589,119930.97471209784,0.1042562023311421,33.6598340051409,-117.82456666749796,59.63333333333333,0.6275911195536035,0.6275911195536032,0.13239248243808704,0.017527769406119185
92614,los_angeles,2624,65212,6603368,12563.0,6890.0,0.5484358831489294,35764,16867.256,12302.816,54.842666993804826,73.91612438439644,Los Angeles,258652.64061829113,21.4368205420651,459.53727495270425,0.323315461057336,0.36421011477561505,0.976177827776372,0.21067620344847443,0.09375874021779589,101260.01349444888,0.0866376290805884,33.6817223199956,-117.83314934518461,58.56666666666667,0.5484266699380483,0.5484266699380482,0.13002436648614812,0.01690633588012416
92618,los_angeles,4367,98556,10429057,21267.0,10231.0,0.4810739643579254,47412,24237.048,16309.728,48.10666017289663,68.38513463392923,Los Angeles,245921.58772677463,69.42984717076577,4820.503678155891,0.46458393362947,0.5504426261554358,0.7498497567411428,0.2674431252394804,0.09375874021779589,105818.59044604083,0.0909392620283335,33.667308589327575,-117.7335769617936,67.93333333333334,0.48106660172896637,0.4810666017289663,0.15081938468911205,0.022746486798002365
92626,los_angeles,3150,57681,4693850,15213.0,5782.0,0.3800696772497206,21922,13083.813,7541.168,38.00558242748912,58.85529530435584,Los Angeles,226830.55078795445,60.057610070428325,3606.916527371614,0.2507922183832235,0.32214806333603285,0.8128332364277548,0.16901780988451484,0.09375874021779589,81376.01636587438,0.0678743926387261,33.67894204808706,-117.90841949026942,55.46666666666667,0.3800558242748913,0.38005582427489115,0.12314202950082553,0.015163959429582187
92630,los_angeles,2151,24981,1807180,10150.0,3626.0,0.3572413793103448,8924,5558.691,3069.856,35.723149593691204,56.46110322761413,Los Angeles,222516.7527320764,8.161741136546047,66.61401837998795,0.10654628975199992,0.1395124130805105,0.9965699965075192,0.11358184573826842,0.09375874021779589,72342.1800568432,0.0593497481445943,33.647075756183064,-117.68428648628654,68.43333333333334,0.3572314959369122,0.35723149593691206,0.15192943904158343,0.023082554447490217
92647,los_angeles,1865,25350,1565296,8619.0,2570.0,0.298178442974823,7558,5357.712,2599.952,29.814595660749504,49.77889012250428,Los Angeles,211349.58579881658,29.6895152725628,881.4673171197398,0.10269380702941089,0.14157334748247646,0.9542802473489383,0.09625547907927672,0.09375874021779589,61747.376725838265,0.0493521204709814,33.723954610645826,-118.00685071458707,51.6,0.29814595660749527,0.29814595660749504,0.11455760917504683,0.013123445819902773
92653,los_angeles,1885,19041,1180201,8787.0,3302.0,0.3757824058267895,7155,4303.65,2461.32,37.576807940759416,58.412931667891264,Los Angeles,226020.1670080353,40.91429191478994,1673.9792828886457,0.08248893167657476,0.10633639587813119,0.913149982196456,0.09961255288662645,0.09375874021779589,61982.09127671866,0.0495736053457798,33.592711920061106,-117.69989183050525,68.56666666666666,0.3757680794075942,0.37576807940759416,0.1522254535355758,0.023172588704111742
92656,los_angeles,1432,22530,2192021,6663.0,3248.0,0.4874681074591025,10982,5567.748,3777.808,48.743897026187305,68.93416309474703,Los Angeles,247125.965379494,37.99316927981548,1443.480911924715,0.1067198996118285,0.12582311709346813,0.9251125260121368,0.11765671887278664,0.09375874021779589,97293.43098091432,0.0828946228285582,33.57520380083666,-117.73035218165786,65.56666666666666,0.48743897026187316,0.48743897026187305,0.14556512742074748,0.02118920632101845
92660,los_angeles,4328,53553,6311923,21117.0,11994.0,0.5679784060235828,30416,14049.339,10463.104,56.79607118181988,75.41433039461893,Los Angeles,262344.5745336396,60.04140164633691,3604.969911656749,0.26929998403640376,0.2990924069368036,0.8129342630670495,0.19258273236973075,0.09375874021779589,117863.1075756727,0.1023048904414746,33.63379300925121,-117.87505072722439,59.38333333333333,0.567960711818199,0.5679607118181988,0.13183745526185137,0.017381114609920662
92672,los_angeles,1366,10405,736997,6274.0,2354.0,0.3751992349378387,3903,2350.442,1342.632,37.51081210956271,58.34454481388942,Los Angeles,225895.43488707353,101.42888643915344,10287.819004286686,0.045048701236465635,0.058102711608813425,0.4661037204048767,0.09819500932542344,0.09375874021779589,70831.04276790004,0.0579237860472749,33.383247847173386,-117.54228468864058,152.09573984569224,0.37510812109562724,0.3751081210956271,0.33766907601613194,0.11402040489758829
92675,los_angeles,1385,17507,1001241,6436.0,2544.0,0.3952765692977004,6920,4021.465,2380.48,39.527046324327415,60.39824939838655,Los Angeles,229706.1175529788,85.38982870863556,7291.422846890122,0.07707984497063143,0.09776871736155715,0.6216124998035928,0.09935057638827255,0.09375874021779589,57190.895070543214,0.045052464718243,33.499775829927664,-117.65370373756474,73.18333333333334,0.3952704632432742,0.39527046324327414,0.16247495539006157,0.026398111129002498
92688,los_angeles,1144,16459,1004259,5169.0,2197.0,0.4250338556780809,6995,3873.2,2406.28,42.4995443222553,63.29743914577867,Los Angeles,235324.13876906253,16.92600745178362,286.4897282578346,0.07423781495324322,0.0919154402524505,0.9851587539793488,0.10015906282103483,0.09375874021779589,61015.7968284829,0.0486617760446856,33.61733618766822,-117.61130975609778,76.3,0.4249954432225531,0.42499544322255306,0.16939429418713317,0.02869442690315702
92691,los_angeles,1940,21986,1355991,9180.0,3020.0,0.3289760348583878,7232,4774.678,2487.808,32.89365960156464,53.35244398541408,Los Angeles,217169.01664695714,32.33321187864902,1045.4365903896098,0.09151787117699854,0.12278477477729062,0.9457704708688994,0.10406545501784217,0.09375874021779589,61675.20240152824,0.0492840142495158,33.61052136683276,-117.66627163334074,70.28333333333333,0.32893659601564634,0.32893659601564645,0.15603664014572752,0.024347433067967265
92704,los_angeles,1654,29771,1542168,7593.0,1499.0,0.1974186750954827,5877,5725.258,2021.688,19.74068724597763,36.46395617837105,Los Angeles,192309.89889489772,35.024872841795535,1226.7417175839464,0.10973914318272397,0.16626546398949985,0.9363609877606254,0.09599580338560051,0.09375874021779589,51801.01440999631,0.0399663844611738,33.72035384690049,-117.90805641619866,57.06666666666667,0.19740687245977642,0.19740687245977628,0.12669420342873397,0.016051421182441426
92705,los_angeles,3075,50149,3263023,14770.0,4850.0,0.3283683141503046,16467,10885.358,5664.648,32.83614827813117,53.28756674294432,Los Angeles,217060.3202456679,37.49285816414159,1405.7144133164386,0.2086509503706974,0.2800804267083694,0.927072554590547,0.1530551199564309,0.09375874021779589,65066.561646294045,0.0524842196688473,33.754943472299054,-117.81493174661504,59.416666666666664,0.32836148278131183,0.3283614827813117,0.13191145888534944,0.017400632985261236
92707,los_angeles,1009,22487,1816593,4436.0,1496.0,0.3372407574391343,7583,4918.672,2608.552,33.72170587450527,54.278936120172204,Los Angeles,218734.02410281496,49.80703240311608,2480.740476805056,0.09427803217469723,0.12558295400597616,0.8712802019864864,0.09889766897963667,0.09375874021779589,80784.14194868146,0.0673158791989046,33.71000666564295,-117.87045369755062,58.75,0.3372170587450528,0.3372170587450527,0.13043138641538762,0.017012346562240162
92708,los_angeles,2043,26283,1773119,9604.0,2754.0,0.2867555185339442,7536,5498.169,2592.384,28.672525967355323,48.39943849605021,Los Angeles,209191.07407830155,31.028807232404883,962.7868782657416,0.10538616874763362,0.14678432796224414,0.9500598755987484,0.09633113503892919,0.09375874021779589,67462.58037514743,0.0547451868998273,33.7104609249807,-117.951313157902,50.8,0.2867252596735533,0.2867252596735532,0.1127815222110926,0.012719671752251173
92780,los_angeles,2633,35186,2334601,12570.0,5033.0,0.4003977724741447,14088,8116.462,4846.272,40.0386517364861,60.90791180285344,Los Angeles,230673.05178195873,58.26498411833069,3394.808374309327,0.15557513647648005,0.1965092574492446,0.8238413535960438,0.1337565693680745,0.09375874021779589,66350.2813619053,0.0536955825750751,33.73680975165804,-117.81967821165937,58.28333333333333,0.4003865173648611,0.400386517364861,0.12939533568641431,0.016743152897399846
92802,los_angeles,684,53461,1648896,2954.0,524.0,0.1773865944482058,9483,10078.742,3262.152,17.73816426928041,33.47250586188639,Los Angeles,188525.13046893998,46.0396707020031,2119.6512783488824,0.19318926430516875,0.2985785696333324,0.8900202275226187,0.12507321404088795,0.09375874021779589,30842.96964142085,0.0201896390307087,33.808314946198166,-117.92369100524333,53.65,0.17738164269280426,0.1773816426928041,0.1191088320201795,0.014186913865211336
92806,los_angeles,2030,44530,3063617,9536.0,2089.0,0.2190645973154362,9754,8745.656,3355.376,21.90433415674826,39.55714169843459,Los Angeles,196399.1915562542,21.99781817507168,483.9040044635139,0.1676358941385079,0.2486972548800581,0.974913228516087,0.12130628625126186,0.09375874021779589,68798.94453177633,0.0560062269453031,33.83878596649028,-117.87055542602195,54.31666666666667,0.21904334156748265,0.2190433415674826,0.12058890449014135,0.014541683886132434
92807,los_angeles,1562,24473,1616915,7223.0,2231.0,0.3088744289076561,7559,5221.966,2600.296,30.887100069464307,51.04722396411172,Los Angeles,213376.61913128753,31.911416805797984,1018.338522553366,0.10009174850757242,0.1366751375352565,0.947176822776966,0.10153921460683406,0.09375874021779589,66069.34172353205,0.0534304780879539,33.84999297648808,-117.78946367050638,60.11666666666667,0.3088710006946431,0.30887100069464307,0.1334655349788094,0.017813049027179794
92821,los_angeles,2286,45980,3390356,10829.0,3324.0,0.3069535506510296,14113,9794.257,4854.872,30.69377990430622,50.82050701674966,Los Angeles,213011.24401913874,37.78384516255864,1427.618955268206,0.1877360898574118,0.2567957775978106,0.9259357394288406,0.14634598344658786,0.09375874021779589,73735.45019573727,0.0606644866689672,33.92998641633024,-117.86982160905796,63.31666666666667,0.30693779904306223,0.3069377990430622,0.14056988283462626,0.019759891960140556
92868,los_angeles,1741,47009,3353031,8200.0,2930.0,0.3573170731707317,16797,10461.028,5778.168,35.731455678699824,56.46999495713565,Los Angeles,222532.45123274266,38.52142530683975,1483.9002076704342,0.2005171453777568,0.2625429361333743,0.9230148209640052,0.14634442807155162,0.09375874021779589,71327.42666297943,0.0583921912843649,33.78796706559884,-117.87634219912873,54.05,0.3573145567869983,0.35731455678699825,0.1199968755021566,0.01439925013028007
92879,los_angeles,1307,28746,1713608,5880.0,1400.0,0.238095238095238,6844,5749.146,2354.336,23.808529882418423,42.167338532223134,Los Angeles,199998.12147777082,51.28055600648003,2629.6954243337354,0.11019704230291666,0.160540646206261,0.8635496480614303,0.11353589150177537,0.09375874021779589,59612.0503722257,0.0473371517001503,33.87979905277287,-117.53570291552704,78.68333333333334,0.23808529882418436,0.23808529882418422,0.1746855532672468,0.03051504252028412
94085,san_francisco,799,35214,6942088,3552.0,1807.0,0.5087274774774775,17914,8843.916,6162.416,50.871812347361846,70.72725016638654,San Francisco,251147.7253365139,50.38744806545408,2538.8949225488323,0.1695193991431183,0.19666564271551845,0.8682620674010779,0.11690052601820353,0.09375874021779589,197140.00113591185,0.1771133451313775,37.38861630184581,-122.01793421660423,33.583333333333336,0.5087181234736186,0.5087181234736184,0.07455865067432796,0.005558992390376465
94086,san_francisco,915,28139,6904630,4159.0,1908.0,0.458764125991825,12909,6801.346,4440.696,45.8758306976083,66.4174990628652,San Francisco,241705.3200184797,31.302085552927178,979.8205599627724,0.13036622575346715,0.15715043704096734,0.949175851287466,0.1038144103057506,0.09375874021779589,245375.8129286755,0.2226303473608825,37.37163300624077,-122.02320404211508,37.3,0.4587583069760831,0.458758306976083,0.08281005469436524,0.006857505158483762
94089,san_francisco,562,46185,14900630,2384.0,1116.0,0.4681208053691275,21620,11244.855,7437.28,46.811735411930286,67.25176083720311,San Francisco,243474.17992854823,39.02057534648201,1522.60530037048,0.2155419985962463,0.25794074115445836,0.9210060806619458,0.13105269139440512,0.09375874021779589,322629.2086175165,0.2955293585543322,37.41191624920877,-122.0144249910689,33.18333333333333,0.4681173541193029,0.4681173541193029,0.07367060719235084,0.005427358364089655
94103,san_francisco,2998,82240,16199195,14496.0,6092.0,0.4202538631346578,34561,19279.229,11888.984,42.02456225680934,62.844058145696735,San Francisco,234426.42266536964,45.41790186360593,2062.785809692138,0.3695495666596688,0.4593146974224357,0.8929714659958483,0.14259587470529328,0.09375874021779589,196974.64737354085,0.1769573115270746,37.772983485091935,-122.41134256815569,20.4,0.4202456225680934,0.4202456225680934,0.04529021758083246,0.0020512038085191454
94104,san_francisco,2096,59708,11849251,10023.0,7495.0,0.7477801057567595,44648,17693.212,15358.912,74.7772492798285,87.3698688344944,San Francisco,296329.00113887584,20.56047841063758,422.733272474294,0.33914786752576676,0.33346923957664276,0.9780879041487092,0.1679647569916568,0.09375874021779589,198453.32283781067,0.1783526415091437,37.7914115491134,-122.4021290851801,27.916666666666668,0.747772492798285,0.747772492798285,0.06197803467965227,0.0038412767827521797
94105,san_francisco,2295,107979,24347726,10942.0,7870.0,0.7192469384024859,77663,31415.052,26716.072,71.92417044054864,85.6682041447299,San Francisco,290936.6821326369,2.252753721668697,5.0748993304921655,0.6021761019290188,0.6030718534446647,0.9997637909145224,0.23982968757626913,0.09375874021779589,225485.7518591578,0.2038613887718607,37.79838392522448,-122.39900930595302,31.283333333333335,0.7192417044054863,0.7192417044054864,0.06945240065295959,0.0048236359564592214
94107,san_francisco,2263,64092,14712891,10756.0,5951.0,0.5532725920416511,35460,16636.2,12198.24,55.32671784310055,74.2915634091154,San Francisco,259567.49672346003,59.18250523470804,3502.5689258562443,0.31888644485190887,0.3579547041246614,0.8182487313397954,0.14125665198578338,0.09375874021779589,229558.93091181427,0.2077049832534353,37.7651442356556,-122.39301834553707,21.9,0.5532671784310056,0.5532671784310055,0.04862038063824661,0.0023639414134079863
94111,san_francisco,2593,68078,12933896,12461.0,8933.0,0.716876655164112,48803,19775.857,16788.232,71.68688856899439,85.52370032495006,San Francisco,290488.2193953994,38.570069879477664,1487.6502905077905,0.3790692218950613,0.380217263816359,0.9228201968976106,0.1869129634353811,0.09375874021779589,189986.4273333529,0.1703629822242717,37.798443564531404,-122.39973758147126,31.733333333333334,0.7168688856899439,0.7168688856899439,0.07045144957018383,0.004963406746540155
94304,san_francisco,479,39275,9033337,2081.0,1044.0,0.501681883709755,19703,9811.492,6777.832,50.16677275620624,70.1399024598626,San Francisco,249815.2005092298,31.15089939265045,970.3785329710304,0.18806646039226282,0.2193470915133067,0.9496658793129364,0.12015037539511303,0.09375874021779589,230002.21514958623,0.2081232817932352,37.39725797597018,-122.166976221532,31.35,0.5016677275620625,0.5016677275620625,0.06960040789995578,0.004844216779840227
94305,san_francisco,122,48343,5251105,428.0,177.0,0.4135514018691589,19992,11271.653,6877.248,41.35448772314503,62.19816264216856,San Francisco,233159.9817967441,62.508081599107015,3907.260265200621,0.2160556782941249,0.26999357703370663,0.7972458155339777,0.1286562361349131,0.09375874021779589,108621.8273586662,0.0935844946067751,37.41624961959847,-122.17072518643937,33.21666666666667,0.4135448772314504,0.4135448772314503,0.07374461081584895,0.005438267624381025
94520,san_francisco,2007,44070,3240202,9463.0,2586.0,0.2732748599809785,12043,9106.977,4142.792,27.32697980485591,46.73470745418057,San Francisco,206647.99183117767,32.86603223151196,1080.1760746427829,0.1745619058601733,0.24612806836270212,0.943967540111624,0.13655555567052016,0.09375874021779589,73523.98457000227,0.0604649402945971,37.993491669581594,-122.03524089623745,62.1,0.2732697980485592,0.2732697980485591,0.1378687505769459,0.019007792385648117
94538,san_francisco,2776,91478,13046021,13293.0,4049.0,0.3045964041224704,27863,19445.197,9584.872,30.45868952097772,50.54368388591449,San Francisco,212566.92319464788,49.09100785718911,2409.927052434603,0.3727309381089379,0.510910664916641,0.8749553198982849,0.17609190653256246,0.09375874021779589,142613.75412667525,0.1256604678096715,37.50656837132114,-121.96365634383683,39.3,0.3045868952097773,0.3045868952097772,0.08725027210425076,0.007612609982265799
94550,san_francisco,1268,25335,2195283,5769.0,1500.0,0.2600104004160166,6587,5171.868,2265.928,25.999605289125714,45.048997098277525,San Francisco,204139.2539964476,39.76586104001739,1581.3237042539731,0.09913144081653871,0.14148956966125834,0.917958677436033,0.12426917978667285,0.09375874021779589,86650.207223209,0.0728513039436199,37.517413907535314,-121.59406040753382,109.35,0.25999605289125727,0.25999605289125716,0.24276888688549164,0.05893673243962064
94551,san_francisco,1288,26138,1859697,5850.0,1270.0,0.2170940170940171,5674,5123.776,1951.856,21.70785829061137,39.28197013153991,San Francisco,196027.8521692555,58.21702143592879,3389.2215848713927,0.09820958530379979,0.14597447569046887,0.8241313001720686,0.0949994303378096,0.09375874021779589,71149.16979110872,0.0582239818538028,37.75901845520003,-121.7602458908506,61.766666666666666,0.21707858290611384,0.2170785829061137,0.13712871434196497,0.01880428429708023
94596,san_francisco,2033,29481,2954460,9704.0,5095.0,0.5250412201154163,15478,7494.897,5324.432,52.50161120721821,72.06012437231884,San Francisco,254228.0451816424,18.953619315466675,359.23968515563143,0.1436606159371896,0.16464575944594934,0.9813831327316178,0.13411756776028713,0.09375874021779589,100215.73216648011,0.0856522086270549,37.88900954114645,-122.03678072133003,58.733333333333334,0.5250161120721821,0.5250161120721821,0.13039438460363856,0.017002695536161613
94598,san_francisco,966,17931,1736621,4440.0,1834.0,0.413063063063063,7406,4179.039,2547.664,41.30277173609949,62.1480034045818,San Francisco,233062.238581228,16.91370087999584,286.07327745797204,0.0801003153308643,0.10013683710798961,0.9851803671947464,0.10111507025822197,0.09375874021779589,96850.20355808375,0.0824763779013279,37.892387938841054,-121.98282278700148,71.21666666666667,0.41302771736099486,0.41302771736099486,0.15810874160367414,0.024998374171497396
94608,san_francisco,1229,27391,3186010,5493.0,2294.0,0.4176224285454214,11439,6407.576,3935.016,41.76189259245738,62.59175011138991,San Francisco,233929.97699974445,29.02086556600737,842.2106382002722,0.12281821266914549,0.1529727163562233,0.9563176142061024,0.10341715113536684,0.09375874021779589,116315.9431930196,0.100844931916112,37.83670624605541,-122.28987517530938,41.666666666666664,0.4176189259245739,0.4176189259245738,0.09250452937261533,0.008557087954449052
94612,san_francisco,1845,33059,3962036,8849.0,4519.0,0.5106791727878857,16882,8314.843,5807.408,51.06627544692822,70.88809573798027,San Francisco,251515.26059469435,51.34431097483722,2636.2382694807898,0.15937781921940317,0.18462956240051384,0.8632100835281821,0.12722062757692357,0.09375874021779589,119847.4243020055,0.1041773612365051,37.807898354456164,-122.26619773997376,45.1,0.5106627544692823,0.5106627544692822,0.10012690259291883,0.010025396622851856
94901,san_francisco,2002,21627,1900918,9455.0,3244.0,0.3430988894764675,7420,4754.565,2552.48,34.308965644795855,54.92750711181142,San Francisco,219843.94506866418,53.74302456071132,2888.31268893322,0.09113233345913034,0.12077969225613673,0.850127772903159,0.10065163617978044,0.09375874021779589,87895.59347112406,0.0740264940464938,37.98001021404007,-122.49678794674114,63.833333333333336,0.34308965644795875,0.3430896564479585,0.1417169389988467,0.020083690799202834
95008,san_francisco,1984,26973,2624895,9353.0,3346.0,0.3577461776969956,9649,6004.476,3319.256,35.77280984688392,56.51424507384011,San Francisco,222610.6106106106,21.735153889907416,472.4169146179575,0.11509135670172778,0.1506381077382781,0.97550939244999,0.0990212000972782,0.09375874021779589,97315.64898231564,0.0829155885132172,37.27977716236388,-121.9548205345262,43.65,0.35772809846883924,0.35772809846883924,0.09690774497075182,0.009391111035316273
95014,san_francisco,1602,54862,22622189,7533.0,3542.0,0.4701977963626709,25795,13378.865,8873.48,47.017972367030005,67.43387883450475,San Francisco,243863.96777368672,39.80663107538095,1584.567877571484,0.25644794725173886,0.3064034181351057,0.9177903093677724,0.15598494636828522,0.09375874021779589,412347.14374248113,0.38019034592725,37.30826988183815,-122.0798142948558,40.31666666666667,0.47017972367030014,0.47017972367030003,0.0895073826209426,0.008011571543651817
95035,san_francisco,2236,45615,5440795,10582.0,3070.0,0.2901152901152901,13233,9571.362,4552.152,29.010194015126604,48.81044594445059,San Francisco,209829.26668858927,19.09019369644001,364.4354953675979,0.18346350846108936,0.25475718394816943,0.9811134774318484,0.12565890450460226,0.09375874021779589,119276.44415214294,0.1036385643594886,37.44319757681942,-121.87632736387182,45.81666666666667,0.29010194015126606,0.29010194015126606,0.10171798049812782,0.01034654755661751
95054,san_francisco,1915,77970,17268336,8951.0,4342.0,0.4850854653111384,37822,19233.708,13010.768,48.50840066692317,68.73192488019149,San Francisco,246680.8772604848,11.023740473192731,121.5228540203075,0.3686769935748441,0.4354659443156748,0.9937203045575568,0.18298608790179705,0.09375874021779589,221474.10542516352,0.2000758586254085,37.39310050500456,-121.96479742299452,36.03333333333333,0.4850840066692318,0.48508400666923174,0.07999791700143773,0.00639966672456892
95060,san_francisco,1579,17513,1183047,7281.0,2322.0,0.3189122373300371,5585,3770.08,1921.24,31.8905955575858,52.21090025240722,San Francisco,215273.22560383714,46.00042434845476,2116.0390402379094,0.07226115063332232,0.0978022284900444,0.8902076976400624,0.10114761982843948,0.09375874021779589,67552.50385427968,0.0548300418457279,37.01358203955648,-122.10164641618454,91.85,0.318905955575858,0.318905955575858,0.2039169845489932,0.04158213658755434
95110,san_francisco,1091,36671,6587122,4908.0,2139.0,0.4358190709046455,15981,8704.414,5497.464,43.5793951623899,64.31466565480605,San Francisco,237365.0568569169,27.63468514632782,763.6758231366714,0.16684534342203994,0.20480326174983943,0.9603934615204496,0.12182527876644664,0.09375874021779589,179627.55310736003,0.1605879855212948,37.34656215664833,-121.90975450092107,40.46666666666667,0.435793951623899,0.435793951623899,0.08984039892668401,0.008071297279305726
95112,san_francisco,2152,36700,2862064,10150.0,2320.0,0.2285714285714285,8388,7273.832,2885.472,22.85558583106267,40.87377829755242,San Francisco,198197.05722070843,56.79675384482316,3225.8712473094342,0.1394231130484841,0.20496523220419446,0.8326089547525295,0.1004367651081537,0.09375874021779589,77985.39509536784,0.0646748835977648,37.34460425246554,-121.88344900407962,42.75,0.22855585831062675,0.2285558583106267,0.09490964713630333,0.009007841119537612
95113,san_francisco,916,19507,3425971,4174.0,2783.0,0.6667465261140393,13006,5481.719,4474.064,66.67350181985954,82.35741100909134,San Francisco,281012.91843953455,64.75766320593546,4193.554943893367,0.10507084555074943,0.10893909352397442,0.7823875212053202,0.10157779782272133,0.09375874021779589,175627.77464499924,0.1568136544087393,37.33401348070291,-121.89044269519215,41.333333333333336,0.6667350181985956,0.6667350181985954,0.0917644931376344,0.008420722200806951
95131,san_francisco,1548,46325,5970416,7176.0,2390.0,0.3330546265328874,15428,10096.267,5307.232,33.30383162439288,53.81315182348633,San Francisco,217944.24177010253,41.14209192063328,1692.671727605838,0.19352519372920496,0.25872266748582756,0.9121798703990648,0.12834850937767758,0.09375874021779589,128881.0793308149,0.1127018346682673,37.38726692873991,-121.89794707412808,42.166666666666664,0.3330383162439288,0.33303831624392877,0.0936145837250867,0.008763690286021268
95134,san_francisco,617,43722,10452449,2711.0,1443.0,0.532275912947252,23272,11175.318,8005.568,53.22720827043593,72.64262844809902,San Francisco,255599.4236311239,42.4989899776809,1806.1641491230216,0.21420907281255408,0.2441844229104415,0.9062897720896088,0.14063751907568825,0.09375874021779589,239066.1223182837,0.2166763022042552,37.4300259705835,-121.94526596266537,37.983333333333334,0.5322720827043593,0.5322720827043593,0.08432712897607614,0.00711106468134778
90670,los_angeles,2144,52863,3456069,10010.0,1284.0,0.1282717282717282,6780,9475.185,2332.32,12.825605811247945,25.556111981648705,Los Angeles,179240.39498325862,64.97135460987408,4221.276919842007,0.18161993161569534,0.29523862716076965,0.7809487893368214,0.10554279159201964,0.09375874021779589,65377.84461721809,0.0527779571878183,33.932836282287475,-118.06261934663117,45.333333333333336,0.12825605811247962,0.12825605811247945,0.10064492795740548,0.010129401523551339
90703,los_angeles,1912,37254,2355056,8958.0,2470.0,0.2757311899977673,10272,7715.778,3533.568,27.572878080206152,47.04219823356232,Los Angeles,207112.73957158963,10.773085164396216,116.05936395933384,0.14789459180655004,0.20805942640118405,0.9940038520679692,0.10933062795473629,0.09375874021779589,63216.19154990068,0.050738145607426,33.86795789057098,-118.06873047852375,44.55,0.27572878080206165,0.27572878080206153,0.0989058428052003,0.009782365741006993
90010,los_angeles,2490,26425,1797140,12027.0,7275.0,0.6048889997505612,15984,7116.851,5498.496,60.48817407757805,78.12807675388063,Los Angeles,269322.6490066225,11.746270191648884,137.97486341521912,0.13641400965820574,0.14757742466977575,0.9928664682270892,0.11834158411392806,0.09375874021779589,68009.08230842005,0.055260885273933,34.06207728410858,-118.3131862040127,43.766666666666666,0.6048817407757805,0.6048817407757805,0.09716675765299514,0.009441378792795888
90017,los_angeles,2013,46383,4938269,9594.0,5783.0,0.6027725661872003,27958,12473.427,9617.552,60.27639436862644,77.97642052585654,Los Angeles,268922.38535670395,24.22661180366811,586.928719485631,0.23909198343773053,0.2590466083945377,0.969566389567091,0.15610291081891356,0.09375874021779589,106467.218593019,0.0915513302762769,34.05309841392406,-118.26450536445806,40.483333333333334,0.6027639436862643,0.6027639436862644,0.08987740073843306,0.008077947163496888
90024,los_angeles,2403,25315,3192946,11459.0,7430.0,0.6483986386246618,16414,7026.071,5646.416,64.83902824412404,81.14208232992706,Los Angeles,277545.76338139444,13.920480218441934,193.7797695120332,0.13467388565740648,0.14137786589963416,0.9899702714708112,0.11126016640279834,0.09375874021779589,126128.61939561524,0.1101045170249909,34.06564495907017,-118.43528344929926,37.25,0.6483902824412405,0.6483902824412404,0.0826990492591181,0.006839132748362042
90025,los_angeles,3965,33621,3578454,19328.0,11711.0,0.6059085264900662,20371,9061.374,7007.624,60.59010737336784,78.20090267457101,Los Angeles,269515.3029356652,11.97281171230206,143.34822029823738,0.17368776095151006,0.1877684381021531,0.992587598502841,0.11636353984471474,0.09375874021779589,106435.08521459802,0.0915210080944193,34.045534757283214,-118.4458106599919,30.083333333333332,0.6059010737336783,0.6059010737336784,0.06678827020702827,0.00446067303724702
90027,los_angeles,1847,25815,2013790,8780.0,4991.0,0.5684510250569476,14674,6774.711,5047.856,56.8429207824908,75.44971757222292,Los Angeles,262433.1202789076,22.54097605167122,508.0956013620154,0.12985567053468233,0.1441704599402385,0.9736577183940008,0.12764316163479783,0.09375874021779589,78008.52217702886,0.0646967071224118,34.1251744876513,-118.29049687302097,57.88333333333333,0.5684292078249079,0.568429207824908,0.1285072922044372,0.01651412414971661
90028,los_angeles,1748,26459,3228514,8293.0,4103.0,0.4947546123236464,13090,6575.155,4502.96,49.47276919006765,69.55525023341961,Los Angeles,248503.53376922786,51.30550329987781,2632.254668853773,0.1260304647062675,0.14776732106453686,0.8634168268420093,0.11924836378089783,0.09375874021779589,122019.501870819,0.1062270097417921,34.09981109200958,-118.32683647636452,53.63333333333333,0.49472769190067656,0.4947276919006765,0.11907183020843044,0.01417810074918529
91311,los_angeles,2105,33594,2123930,9882.0,2628.0,0.2659380692167577,8933,6895.407,3072.952,26.591057927010773,45.80555840426623,Los Angeles,205257.09948205037,53.097161791587766,2819.308590322048,0.13216924187639267,0.18761763802396045,0.8537089893327834,0.12021278234239974,0.09375874021779589,63223.492290289934,0.0507450348418811,34.29011564103333,-118.60775529937419,67.05,0.26591057927010786,0.26591057927010775,0.14885828866641257,0.022158790104693012
91320,los_angeles,1295,21504,2467398,5878.0,1929.0,0.3281728479074515,7057,4666.893,2427.608,32.817150297619044,53.26612033642441,Los Angeles,217024.4140625,26.920940807405064,724.7370539558071,0.08945178541552963,0.12009271412214806,0.9624143293057912,0.10514612960677552,0.09375874021779589,114741.35044642857,0.0993590910254255,34.17337757747683,-118.94797113159048,74.5,0.3281715029761906,0.32817150297619047,0.1653980985182362,0.027356530993448168
91355,los_angeles,2502,49464,3299403,11883.0,4090.0,0.3441891778170495,17024,10884.456,5856.256,34.41694970079249,55.046007168988574,Los Angeles,220048.03493449782,47.773388162184034,2282.2966164947056,0.2086336603084731,0.27625457287274147,0.8815791614280992,0.16208655474244008,0.09375874021779589,66703.11741872877,0.0540285310419544,34.423767287365294,-118.58439006404905,67.16666666666667,0.34416949700792504,0.34416949700792493,0.14911730134865592,0.02223596956150586
91361,los_angeles,1608,15025,1374244,7562.0,4188.0,0.5538217402803491,8321,3901.544,2862.424,55.3810316139767,74.33351625212164,Los Angeles,259670.14975041596,49.04775526120056,2405.6822961626267,0.0747811292810539,0.08390628054399732,0.875175616825669,0.10133591360751076,0.09375874021779589,91463.82695507488,0.0773936041957367,34.14015067119179,-118.88398771067625,70.1,0.5538103161397671,0.5538103161397671,0.15562962021648802,0.024220578688728296
91362,los_angeles,2111,20872,1893161,9996.0,4795.0,0.4796918767507003,10012,5127.428,3444.128,47.968570333461095,68.26540949115561,Los Angeles,245660.59793024146,46.992345186714026,2208.280506147285,0.09827958897036643,0.1165628752548242,0.8854204942730755,0.11458471557875398,0.09375874021779589,90703.3825220391,0.0766760221821362,34.19243488202666,-118.81948783665872,69.16666666666667,0.479685703334611,0.47968570333461097,0.15355751875854146,0.023579911567279812
91367,los_angeles,2877,47927,4357755,13866.0,8893.0,0.6413529496610414,30738,13238.167,10573.872,64.13503870469673,80.66718403797056,Los Angeles,276215.2231518768,45.64839252493884,2083.7757401108925,0.25375096590491736,0.2676701387919238,0.8918821178964567,0.181809487473429,0.09375874021779589,90924.84403363448,0.0768850010246681,34.17706305604799,-118.61523017899883,53.416666666666664,0.6413503870469673,0.6413503870469672,0.11859080665569284,0.014063779423247921
92253,los_angeles,897,11224,443113,4054.0,1440.0,0.3552047360631475,3986,2493.074,1371.184,35.51318602993585,56.23589164785552,Los Angeles,222119.92159657876,53.2027389066233,2830.5314271663287,0.047782754623577325,0.0626769806473233,0.8531265397609079,0.1094904124440087,0.09375874021779589,39479.06272273699,0.0283389590779241,33.65565800773933,-116.2879142514125,188.55,0.3551318602993586,0.3551318602993585,0.4186014963169589,0.17522721271879696
92260,los_angeles,1552,17736,762434,7296.0,2081.0,0.2852247807017544,5058,3705.042,1739.952,28.51826792963464,48.21078431372549,Los Angeles,208899.52638700948,42.63033231937137,1817.3452336600392,0.0710144643063342,0.09904772543215393,0.905709489404219,0.12925239763131455,0.09375874021779589,42987.934145241314,0.0316500531058914,33.698416221789245,-116.40525895569881,182.75,0.28518267929634655,0.2851826792963464,0.4057248658282908,0.16461266675138458
92262,los_angeles,1236,17655,1042814,5710.0,1749.0,0.3063047285464098,5407,3758.448,1860.008,30.625885018408383,50.74068612336278,Los Angeles,212882.92268479185,46.94822845451366,2204.136155017206,0.07203818167124591,0.09859532519757602,0.8856355803137004,0.1243545922366049,0.09375874021779589,59066.21353724157,0.0468220809360952,33.862870212826564,-116.55751225922924,157.45,0.30625885018408394,0.30625885018408383,0.3495561155932388,0.12218947794863372
92270,los_angeles,727,14820,798326,3201.0,970.0,0.303030303030303,4490,3145.71,1544.56,30.296896086369767,50.35245113745594,Los Angeles,212261.13360323888,41.31909895562772,1707.267938504956,0.060292862217602675,0.08276131698734955,0.911422347420948,0.11782355682047424,0.09375874021779589,53868.15114709851,0.0419170071204464,33.76404165099851,-116.427015725642,176.6,0.3029689608636979,0.3029689608636977,0.3920711972928928,0.15371982374668247
94025,san_francisco,1684,76577,30263659,7838.0,4236.0,0.5404439908139832,41385,19691.2,14236.44,54.04364234691879,73.29022366933067,San Francisco,257142.48403567652,25.65423937856203,658.1399980925627,0.3774464671304032,0.4276857773185512,0.9658706235755848,0.17612390639502623,0.09375874021779589,395205.5969808167,0.3640149817492826,37.45085693424157,-122.18290996795136,30.416666666666668,0.540436423469188,0.5404364234691879,0.06752830644200919,0.004560072170925899
94043,san_francisco,1229,59149,20656317,5470.0,2474.0,0.4522851919561243,26752,14224.223,9202.688,45.22815263148996,65.83255699495527,San Francisco,240481.20847351605,50.10979864607747,2510.991920350428,0.27265226257524244,0.3303471194392471,0.8697101942793355,0.1430854020179757,0.09375874021779589,349225.1263757629,0.3206261984934798,37.41191382974277,-122.06892012586842,30.333333333333332,0.4522815263148998,0.4522815263148996,0.06734329738326396,0.004535119702450727
94558,san_francisco,1838,23769,1551328,8660.0,2085.0,0.2407621247113164,5722,4765.653,1968.368,24.073372880642854,42.522426880407664,San Francisco,200498.67474441498,58.43369130148591,3414.49627911735,0.09134487471183868,0.1327431651260856,0.822819578809003,0.1236088452915016,0.09375874021779589,65266.86019605368,0.0526732283990237,38.509153741066875,-122.26481894477477,125.28333333333333,0.2407337288064286,0.24073372880642854,0.27814261891757974,0.07736331645832999
94583,san_francisco,2117,37485,4405516,10113.0,4459.0,0.4409176307722733,16527,8933.778,5685.288,44.089635854341736,64.7888980359873,San Francisco,238329.41176470587,43.62769038742841,1903.3753685413133,0.17124192638435892,0.20934960484794327,0.9012446454503016,0.13417139987923046,0.09375874021779589,117527.43764172336,0.1019881405296541,37.772406203624875,-121.99154271151127,49.46666666666667,0.4408963585434174,0.44089635854341735,0.10982137727116892,0.012060734905736416
94588,san_francisco,1827,54691,8093394,8685.0,3746.0,0.4313183649971214,23589,12935.426,8114.616,43.131411018266256,63.89491891389898,San Francisco,236518.36682452323,33.23788133433075,1104.7567555950525,0.24794784979866086,0.30544835097321904,0.9426918370700752,0.1698934248592369,0.09375874021779589,147984.01930847854,0.130728038213656,37.737976895791604,-121.8817819900763,54.13333333333333,0.43131411018266264,0.4313141101826626,0.12018188456090183,0.014443685376609934
