city,city_key,zip_count,total_employment,power_employment,power_employment_pct,total_revenue_M,power_revenue_M,power_revenue_pct,avg_power_index
Los Angeles,los_angeles,252,4860964,1978689,40.70569129909211,972192.8,692541.1499999999,71.23495977341119,21.32416361171221
New York,new_york,189,4213924,1691362,40.13745857780064,842784.8,591976.7,70.24055251115112,22.684177857349358
San Francisco,san_francisco,111,2586920,1126602,43.54993583102686,517384.00000000006,394310.7,76.21238770429699,22.831363625834207
Miami,miami,146,2404848,925212,38.47278497435181,480969.6,323824.19999999995,67.32737370511566,19.1775135807429
Chicago,chicago,77,2104062,872534,41.469025152300645,420812.4,305386.9,72.57079401652614,22.50336410404044
Dallas,dallas,86,2142101,823649,38.4505212405951,428420.2,288277.15,67.28841217104143,22.221620219940743
Houston,houston,59,1484271,528449,35.603269214314636,296854.19999999995,184957.15000000002,62.30572112505063,21.606581311518617
