City,Top10_Zips,Mean_Travel_Time_min,Median_Travel_Time_min,Weighted_Time_by_Wealth_min,Weighted_Time_by_Wealth_AGI_min,Median_AGI_per_Return,Total_Revenue_M,Total_Employment
Los Angeles,105,73.5323441543666,60.55,78.53760544145074,78.53760544145071,321.82464489189147,659119.2000000001,3295596
New York,74,79.93122997424368,70.80833333333334,68.0155114277388,68.0155114277388,342.87006734510624,624912.4,3124562
Chicago,27,49.7253086419753,50.28333333333333,50.004231840021426,50.00423184002143,322.44256352999594,255472.40000000002,1277362
Dallas,22,30.189393939393938,17.258333333333333,29.861778393179115,29.861778393179115,279.16296800544586,138056.99999999997,690285
Houston,21,36.67619047619047,39.8,39.1759431018775,39.17594310187749,204.65939882973703,161305.6,806528
Miami,81,83.55061728395061,0.0,151.9706490640927,151.9706490640927,803.0493949786764,293690.8,1468454
San Francisco,30,40.53611111111112,37.008333333333326,35.823182163194645,35.82318216319464,457.2251408090118,289588.6,1447943
