city,city_key,zip_count,total_employment,total_revenue_M,weighted_power_index,simple_avg_power,median_power,weighted_revenue_M,simple_avg_revenue_M,median_revenue_M
Other,other,2172,36122706,8032170.299999999,22.48093895458429,20.522748566966822,18.520208461263366,6629.937790305632,3698.052624309392,3574.75
Los Angeles,los_angeles,252,4860964,1124882.4,25.63177991021615,21.32416361171221,19.061258612112603,7932.438348710257,4463.8190476190475,3643.025
New York,new_york,189,4213924,970361.0,32.6840323974144,22.684177857349358,19.2418148315602,12389.722776704086,5134.185185185185,3548.5
San Francisco,san_francisco,111,2586920,613358.4000000001,29.790299742741723,22.831363625834207,19.778257267302603,10373.23086013483,5525.751351351352,4047.8
Miami,miami,146,2404848,545769.6,21.452998858496837,19.1775135807429,17.384086244571904,5720.785180560268,3738.147945205479,3430.8999999999996
Dallas,dallas,86,2142101,486044.95,26.117652841655495,22.221620219940743,20.6241705776187,8603.632168908003,5651.685465116279,4853.075
Chicago,chicago,77,2104062,490116.1,31.226968160942572,22.50336410404044,19.023147961914617,12158.45549922008,6365.144155844156,4877.55
Houston,houston,59,1484271,328330.45,25.265217466475125,21.606581311518617,19.131262039353004,8255.38105733387,5564.922881355932,4604.05
