City,Airport,Top10_Zips,Weighted_Distance_km,Mean_Distance_km,Median_Distance_km,Min_Distance_km,Max_Distance_km,Centroid_to_Airport_km,Region_Spread_km,Bounding_Radius_km,Mean_Travel_Time_min,Median_Travel_Time_min,Avg_Speed_kmh,Centroid_Lat,Centroid_Lon
Los Angeles,LAX,105,116.4002095092555,100.06625065010894,88.44383646663238,1.4772298506335662,291.3562884647421,86.52791347151094,347.314251135272,173.657125567636,73.5323441543666,60.55,53.09220635092166,33.602445658116174,-117.56595413500676
New York,JFK,74,41.587419074847475,38.31448722646933,31.836250305131408,15.285999854866994,107.15486807481288,27.509853815920252,151.53257089916025,75.76628544958012,79.93122997424368,70.80833333333334,25.993169396440646,40.740164985488406,-74.07720027808627
Chicago,ORD,27,23.343683785968377,22.550817736307454,24.0184465758454,2.5624258302707417,34.20388947422388,11.233985516108682,65.27981187348283,32.639905936741414,49.7253086419753,50.28333333333333,26.536542716967137,41.89484136271309,-87.82325262189396
Dallas,DFW,22,150.30030592584782,136.93636787122523,166.67917904672467,8.672966051151265,286.39453523458747,108.1525104744103,461.4867213643924,230.7433606821962,30.189393939393938,17.258333333333333,61.63945737226363,32.81285638245166,-95.88707212846325
Houston,IAH,21,44.659783749369836,62.73393472155424,35.07403562332631,20.629864270065415,206.9729769305747,41.55324563327324,312.4181890427039,156.20909452135194,36.67619047619047,39.8,49.95552238217195,29.765975505310333,-95.68157930411363
Miami,MIA,81,286.5702151686045,266.3199464974709,315.1140824112425,10.848587857907862,349.14384077753016,256.33197572540814,413.04130462845023,206.52065231422512,83.55061728395061,0.0,76.89769607862112,27.50991930546873,-82.01193173329185
San Francisco,SFO,30,48.420516170910886,45.59791945834209,43.006792358289644,16.042237787601035,99.22956147009027,29.755778164154787,180.21098353369516,90.10549176684758,40.53611111111112,37.008333333333326,55.69752633391981,37.59284530246932,-122.04312730888685
