city,city_key,zip_count,total_employment,total_revenue_M,weighted_power_index,simple_avg_power,median_power,weighted_revenue_M,simple_avg_revenue_M,median_revenue_M
Los Angeles,los_angeles,252,4860964,972192.8,25.63177991021615,21.32416361171221,19.061258612112603,6865.372298581105,3857.9079365079365,3128.0
New York,new_york,189,4213924,842784.8,32.6840323974144,22.684177857349358,19.2418148315602,10560.228120203401,4459.178835978836,3307.6
San Francisco,san_francisco,111,2586920,517384.00000000006,29.790299742741723,22.831363625834207,19.778257267302603,8556.204184280921,4661.117117117117,3583.2
Miami,miami,146,2404848,480969.6,21.452998858496837,19.1775135807429,17.384086244571904,5070.354731608816,3294.3123287671233,2939.8
Dallas,dallas,86,2142101,428420.2,26.117652841655495,22.221620219940743,20.6241705776187,7460.021893925637,4981.63023255814,4516.3
Chicago,chicago,77,2104062,420812.4,31.226968160942572,22.50336410404044,19.023147961914617,9610.499480338507,5465.096103896104,4296.2
Houston,houston,59,1484271,296854.19999999995,25.265217466475125,21.606581311518617,19.131262039353004,7460.9121273675755,5031.427118644067,4271.6
