city,city_key,total_zips_in_city,corp_top10_zips,hh_top10_zips,intersection_zips,pct_of_city_in_intersection,pct_of_corp_top10_intersected,pct_of_hh_top10_intersected
Chicago,chicago,392,98,20,12,3.061224489795918,12.244897959183673,60.0
Los Angeles,los_angeles,638,224,46,24,3.761755485893417,10.714285714285714,52.17391304347826
Other,other,27319,2178,0,0,0.0,0.0,0.0
Dallas,dallas,561,94,17,12,2.13903743315508,12.76595744680851,70.58823529411765
New York,new_york,919,189,132,56,6.093579978237215,29.629629629629626,42.42424242424242
San Francisco,san_francisco,288,94,23,5,1.7361111111111112,5.319148936170213,21.73913043478261
Miami,miami,430,135,6,3,0.6976744186046512,2.2222222222222223,50.0
Houston,houston,370,80,28,19,5.135135135135135,23.75,67.85714285714286
