city,city_key,household_top10,corporate_top10,intersection,intersection_pct_of_household,intersection_pct_of_corporate,hh_total_hh200k,hh_median_agi,hh_median_score,corp_total_employment,corp_total_revenue_M,corp_median_power_index,corp_power_employment,intersection_hh200k,intersection_median_agi,intersection_employment,intersection_revenue_M
Los Angeles,los_angeles,46,252,44,95.65217391304348,17.46031746031746,169722.0,321.82464489189147,0.1278160976831195,4860964,972192.8,19.061258612112603,1978689,163934.0,329.86051484760304,655420,131084.0
New York,new_york,132,189,70,53.03030303030303,37.03703703703704,476222.0,342.87006734510624,0.12386045812319246,4213924,842784.8,19.2418148315602,1691362,333127.0,356.6961372937627,2221938,444387.5999999999
Chicago,chicago,20,77,19,95.0,24.675324675324674,92187.0,322.44256352999594,0.13666567499754445,2104062,420812.4,19.023147961914617,872534,87399.0,300.2771968854283,668341,133668.19999999998
Dallas,dallas,17,86,15,88.23529411764706,17.441860465116278,61850.0,279.16296800544586,0.1111098595193952,2142101,428420.2,20.6241705776187,823649,55831.0,279.16296800544586,373620,74723.99999999999
Houston,houston,28,59,21,75.0,35.59322033898305,117330.0,204.65939882973703,0.11453208435239359,1484271,296854.19999999995,19.131262039353004,528449,93106.0,208.16742687159143,576680,115336.0
Miami,miami,6,146,6,100.0,4.10958904109589,10846.0,803.0493949786764,0.118605285840212,2404848,480969.6,17.384086244571904,925212,10846.0,803.0493949786764,56259,11251.8
San Francisco,san_francisco,23,111,22,95.65217391304348,19.81981981981982,112183.0,457.2251408090118,0.1110817783829189,2586920,517384.00000000006,19.778257267302603,1126602,105273.0,457.94320846831226,250390,50078.00000000001
